"query_id","query","intent","paper_url","title","authors","abstract","grade","reviewer","notes"
"Q01","neural networks","Find methods for designing or training artificial neural networks; exclude incidental mentions and purely biological neurons.","http://arxiv.org/abs/2109.00959v1","Building Compact and Robust Deep Neural Networks with Toeplitz Matrices","Alexandre Araujo","  Deep neural networks are state-of-the-art in a wide variety of tasks,
however, they exhibit important limitations which hinder their use and
deployment in real-world applications. When developing and training neural
networks, the accuracy should not be the only concern, neural networks must
also be cost-effective and reliable. Although accurate, large neural networks
often lack these properties. This thesis focuses on the problem of training
neural networks which are not only accurate but also compact, easy to train,
reliable and robust to adversarial examples. To tackle these problems, we
leverage the properties of structured matrices from the Toeplitz family to
build compact and secure neural networks.
","2","AI: Codex (2026-09-24; title/abstract review)","Proposes Toeplitz-based network designs and training for compactness and robustness."
"Q01","neural networks","Find methods for designing or training artificial neural networks; exclude incidental mentions and purely biological neurons.","http://arxiv.org/abs/2111.08438v1","Fourier Neural Networks for Function Approximation","R Subhash Chandra Bose, Kakarla Yaswanth","  The success of Neural networks in providing miraculous results when applied
to a wide variety of tasks is astonishing. Insight in the working can be
obtained by studying the universal approximation property of neural networks.
It is proved extensively that neural networks are universal approximators.
Further it is proved that deep Neural networks are better approximators. It is
specifically proved that for a narrow neural network to approximate a function
which is otherwise implemented by a deep Neural network, the network take
exponentially large number of neurons. In this work, we have implemented
existing methodologies for a variety of synthetic functions and identified
their deficiencies. Further, we examined that Fourier neural network is able to
perform fairly good with only two layers in the neural network. A modified
Fourier Neural network which has sinusoidal activation and two hidden layer is
proposed and the results are tabulated.
","2","AI: Codex (2026-09-24; title/abstract review)","Develops a sinusoidal Fourier neural architecture for function approximation."
"Q01","neural networks","Find methods for designing or training artificial neural networks; exclude incidental mentions and purely biological neurons.","http://arxiv.org/abs/1510.07641v2","Phenotyping of Clinical Time Series with LSTM Recurrent Neural Networks","Zachary C. Lipton, David C. Kale, Randall C. Wetzel","  We present a novel application of LSTM recurrent neural networks to
multilabel classification of diagnoses given variable-length time series of
clinical measurements. Our method outperforms a strong baseline on a variety of
metrics.
","1","AI: Codex (2026-09-24; title/abstract review)","Applies an existing LSTM to clinical diagnosis classification; limited general design or training contribution in the abstract."
"Q01","neural networks","Find methods for designing or training artificial neural networks; exclude incidental mentions and purely biological neurons.","http://arxiv.org/abs/2012.08752v4","Graph Neural Networks: Taxonomy, Advances and Trends","Yu Zhou, Haixia Zheng, Xin Huang, Shufeng Hao, Dengao Li, Jumin Zhao","  Graph neural networks provide a powerful toolkit for embedding real-world
graphs into low-dimensional spaces according to specific tasks. Up to now,
there have been several surveys on this topic. However, they usually lay
emphasis on different angles so that the readers can not see a panorama of the
graph neural networks. This survey aims to overcome this limitation, and
provide a comprehensive review on the graph neural networks. First of all, we
provide a novel taxonomy for the graph neural networks, and then refer to up to
400 relevant literatures to show the panorama of the graph neural networks. All
of them are classified into the corresponding categories. In order to drive the
graph neural networks into a new stage, we summarize four future research
directions so as to overcome the facing challenges. It is expected that more
and more scholars can understand and exploit the graph neural networks, and use
them in their research community.
","2","AI: Codex (2026-09-24; title/abstract review)","Surveys graph neural architectures and organizes design methods into a taxonomy."
"Q01","neural networks","Find methods for designing or training artificial neural networks; exclude incidental mentions and purely biological neurons.","http://arxiv.org/abs/2111.08117v4","Neural networks with linear threshold activations: structure and
  algorithms","Sammy Khalife, Hongyu Cheng, Amitabh Basu","  In this article we present new results on neural networks with linear
threshold activation functions. We precisely characterize the class of
functions that are representable by such neural networks and show that 2 hidden
layers are necessary and sufficient to represent any function representable in
the class. This is a surprising result in the light of recent exact
representability investigations for neural networks using other popular
activation functions like rectified linear units (ReLU). We also give precise
bounds on the sizes of the neural networks required to represent any function
in the class. Finally, we design an algorithm to solve the empirical risk
minimization (ERM) problem to global optimality for these neural networks with
a fixed architecture. The algorithm's running time is polynomial in the size of
the data sample, if the input dimension and the size of the network
architecture are considered fixed constants. The algorithm is unique in the
sense that it works for any architecture with any number of layers, whereas
previous polynomial time globally optimal algorithms work only for very
restricted classes of architectures. Using these insights, we propose a new
class of neural networks that we call shortcut linear threshold networks. To
the best of our knowledge, this way of designing neural networks has not been
explored before in the literature. We show that these neural networks have
several desirable theoretical properties.
","2","AI: Codex (2026-09-24; title/abstract review)","Develops threshold-network architectures and globally optimal empirical-risk training algorithms."
"Q01","neural networks","Find methods for designing or training artificial neural networks; exclude incidental mentions and purely biological neurons.","http://arxiv.org/abs/2209.02456v1","Extending the Universal Approximation Theorem for a Broad Class of
  Hypercomplex-Valued Neural Networks","Wington L. Vital, Guilherme Vieira, Marcos Eduardo Valle","  The universal approximation theorem asserts that a single hidden layer neural
network approximates continuous functions with any desired precision on compact
sets. As an existential result, the universal approximation theorem supports
the use of neural networks for various applications, including regression and
classification tasks. The universal approximation theorem is not limited to
real-valued neural networks but also holds for complex, quaternion, tessarines,
and Clifford-valued neural networks. This paper extends the universal
approximation theorem for a broad class of hypercomplex-valued neural networks.
Precisely, we first introduce the concept of non-degenerate hypercomplex
algebra. Complex numbers, quaternions, and tessarines are examples of
non-degenerate hypercomplex algebras. Then, we state the universal
approximation theorem for hypercomplex-valued neural networks defined on a
non-degenerate algebra.
","1","AI: Codex (2026-09-24; title/abstract review)","Proves approximation capacity for hypercomplex networks; theoretical background rather than a training or design procedure."
"Q01","neural networks","Find methods for designing or training artificial neural networks; exclude incidental mentions and purely biological neurons.","http://arxiv.org/abs/2112.06126v2","Neural Network Quantization for Efficient Inference: A Survey","Olivia Weng","  As neural networks have become more powerful, there has been a rising desire
to deploy them in the real world; however, the power and accuracy of neural
networks is largely due to their depth and complexity, making them difficult to
deploy, especially in resource-constrained devices. Neural network quantization
has recently arisen to meet this demand of reducing the size and complexity of
neural networks by reducing the precision of a network. With smaller and
simpler networks, it becomes possible to run neural networks within the
constraints of their target hardware. This paper surveys the many neural
network quantization techniques that have been developed in the last decade.
Based on this survey and comparison of neural network quantization techniques,
we propose future directions of research in the area.
","2","AI: Codex (2026-09-24; title/abstract review)","Surveys quantization methods for constructing smaller, deployable neural networks."
"Q01","neural networks","Find methods for designing or training artificial neural networks; exclude incidental mentions and purely biological neurons.","http://arxiv.org/abs/2112.09641v2","Embedding Graph Convolutional Networks in Recurrent Neural Networks for
  Predictive Monitoring","Efrén Rama-Maneiro, Juan C. Vidal, Manuel Lama","  Predictive monitoring of business processes is a subfield of process mining
that aims to predict, among other things, the characteristics of the next event
or the sequence of next events. Although multiple approaches based on deep
learning have been proposed, mainly recurrent neural networks and convolutional
neural networks, none of them really exploit the structural information
available in process models. This paper proposes an approach based on graph
convolutional networks and recurrent neural networks that uses information
directly from the process model. An experimental evaluation on real-life event
logs shows that our approach is more consistent and outperforms the current
state-of-the-art approaches.
","2","AI: Codex (2026-09-24; title/abstract review)","Proposes an architectural combination of graph convolutions and recurrent networks for process monitoring."
"Q01","neural networks","Find methods for designing or training artificial neural networks; exclude incidental mentions and purely biological neurons.","http://arxiv.org/abs/2107.00090v3","Mesh-based graph convolutional neural networks for modeling materials
  with microstructure","Ari Frankel, Cosmin Safta, Coleman Alleman, Reese Jones","  Predicting the evolution of a representative sample of a material with
microstructure is a fundamental problem in homogenization. In this work we
propose a graph convolutional neural network that utilizes the discretized
representation of the initial microstructure directly, without segmentation or
clustering. Compared to feature-based and pixel-based convolutional neural
network models, the proposed method has a number of advantages: (a) it is deep
in that it does not require featurization but can benefit from it, (b) it has a
simple implementation with standard convolutional filters and layers, (c) it
works natively on unstructured and structured grid data without interpolation
(unlike pixel-based convolutional neural networks), and (d) it preserves
rotational invariance like other graph-based convolutional neural networks. We
demonstrate the performance of the proposed network and compare it to
traditional pixel-based convolution neural network models and feature-based
graph convolutional neural networks on multiple large datasets.
","2","AI: Codex (2026-09-24; title/abstract review)","Designs a mesh-based graph convolutional architecture for material microstructures."
"Q01","neural networks","Find methods for designing or training artificial neural networks; exclude incidental mentions and purely biological neurons.","http://arxiv.org/abs/2102.08574v2","Firefly Neural Architecture Descent: a General Approach for Growing
  Neural Networks","Lemeng Wu, Bo Liu, Peter Stone, Qiang Liu","  We propose firefly neural architecture descent, a general framework for
progressively and dynamically growing neural networks to jointly optimize the
networks' parameters and architectures. Our method works in a steepest descent
fashion, which iteratively finds the best network within a functional
neighborhood of the original network that includes a diverse set of candidate
network structures. By using Taylor approximation, the optimal network
structure in the neighborhood can be found with a greedy selection procedure.
We show that firefly descent can flexibly grow networks both wider and deeper,
and can be applied to learn accurate but resource-efficient neural
architectures that avoid catastrophic forgetting in continual learning.
Empirically, firefly descent achieves promising results on both neural
architecture search and continual learning. In particular, on a challenging
continual image classification task, it learns networks that are smaller in
size but have higher average accuracy than those learned by the
state-of-the-art methods.
","2","AI: Codex (2026-09-24; title/abstract review)","Directly optimizes network architecture and parameters through progressive growth."
"Q01","neural networks","Find methods for designing or training artificial neural networks; exclude incidental mentions and purely biological neurons.","http://arxiv.org/abs/2108.12929v1","Convolutional versus Dense Neural Networks: Comparing the Two Neural
  Networks Performance in Predicting Building Operational Energy Use Based on
  the Building Shape","Farnaz Nazari, Wei Yan","  A building self-shading shape impacts substantially on the amount of direct
sunlight received by the building and contributes significantly to building
operational energy use, in addition to other major contributing variables, such
as materials and window-to-wall ratios. Deep Learning has the potential to
assist designers and engineers by efficiently predicting building energy
performance. This paper assesses the applicability of two different neural
networks structures, Dense Neural Network (DNN) and Convolutional Neural
Network (CNN), for predicting building operational energy use with respect to
building shape. The comparison between the two neural networks shows that the
DNN model surpasses the CNN model in performance, simplicity, and computation
time. However, image-based CNN has the benefit of utilizing architectural
graphics that facilitates design communication.
","1","AI: Codex (2026-09-24; title/abstract review)","Compares existing dense and convolutional networks for energy prediction; application-specific design evidence."
"Q01","neural networks","Find methods for designing or training artificial neural networks; exclude incidental mentions and purely biological neurons.","http://arxiv.org/abs/2106.10476v2","Neural network interpretability for forecasting of aggregated renewable
  generation","Yucun Lu, Ilgiz Murzakhanov, Spyros Chatzivasileiadis","  With the rapid growth of renewable energy, lots of small photovoltaic (PV)
prosumers emerge. Due to the uncertainty of solar power generation, there is a
need for aggregated prosumers to predict solar power generation and whether
solar power generation will be larger than load. This paper presents two
interpretable neural networks to solve the problem: one binary classification
neural network and one regression neural network. The neural networks are built
using TensorFlow. The global feature importance and local feature contributions
are examined by three gradient-based methods: Integrated Gradients, Expected
Gradients, and DeepLIFT. Moreover, we detect abnormal cases when predictions
might fail by estimating the prediction uncertainty using Bayesian neural
networks. Neural networks, which are interpreted by gradient-based methods and
complemented with uncertainty estimation, provide robust and explainable
forecasting for decision-makers.
","1","AI: Codex (2026-09-24; title/abstract review)","Focuses on interpreting renewable-energy forecasts and uncertainty rather than new network training methods."
"Q01","neural networks","Find methods for designing or training artificial neural networks; exclude incidental mentions and purely biological neurons.","http://arxiv.org/abs/2104.13492v2","An Energy-Based View of Graph Neural Networks","John Y. Shin, Prathamesh Dharangutte","  Graph neural networks are a popular variant of neural networks that work with
graph-structured data. In this work, we consider combining graph neural
networks with the energy-based view of Grathwohl et al. (2019) with the aim of
obtaining a more robust classifier. We successfully implement this framework by
proposing a novel method to ensure generation over features as well as the
adjacency matrix and evaluate our method against the standard graph
convolutional network (GCN) architecture (Kipf & Welling (2016)). Our approach
obtains comparable discriminative performance while improving robustness,
opening promising new directions for future research for energy-based graph
neural networks.
","2","AI: Codex (2026-09-24; title/abstract review)","Proposes energy-based graph-network training with generation over features and adjacency."
"Q01","neural networks","Find methods for designing or training artificial neural networks; exclude incidental mentions and purely biological neurons.","http://arxiv.org/abs/2111.12305v2","Thundernna: a white box adversarial attack","Linfeng Ye, Shayan Mohajer Hamidi","  The existing work shows that the neural network trained by naive
gradient-based optimization method is prone to adversarial attacks, adds small
malicious on the ordinary input is enough to make the neural network wrong. At
the same time, the attack against a neural network is the key to improving its
robustness. The training against adversarial examples can make neural networks
resist some kinds of adversarial attacks. At the same time, the adversarial
attack against a neural network can also reveal some characteristics of the
neural network, a complex high-dimensional non-linear function, as discussed in
previous work.
  In This project, we develop a first-order method to attack the neural
network. Compare with other first-order attacks, our method has a much higher
success rate. Furthermore, it is much faster than second-order attacks and
multi-steps first-order attacks.
","1","AI: Codex (2026-09-24; title/abstract review)","Develops an attack that can inform robustness work; training or architecture design is not the main contribution."
"Q01","neural networks","Find methods for designing or training artificial neural networks; exclude incidental mentions and purely biological neurons.","http://arxiv.org/abs/2209.13234v1","A Derivation of Feedforward Neural Network Gradients Using Fréchet
  Calculus","Thomas Hamm","  We present a derivation of the gradients of feedforward neural networks using
Fr\'echet calculus which is arguably more compact than the ones usually
presented in the literature. We first derive the gradients for ordinary neural
networks working on vectorial data and show how these derived formulas can be
used to derive a simple and efficient algorithm for calculating a neural
networks gradients. Subsequently we show how our analysis generalizes to more
general neural network architectures including, but not limited to,
convolutional networks.
","2","AI: Codex (2026-09-24; title/abstract review)","Derives gradients and an efficient algorithm for training feedforward and convolutional networks."
"Q01","neural networks","Find methods for designing or training artificial neural networks; exclude incidental mentions and purely biological neurons.","http://arxiv.org/abs/1910.13817v1","A Numerical Investigation of the Minimum Width of a Neural Network","Ibrohim Nosirov, Jeffrey M. Hokanson","  Neural network width and depth are fundamental aspects of network topology.
Universal approximation theorems provide that with increasing width or depth,
there exists a neural network that approximates a function arbitrarily well.
These theorems assume requirements, such as infinite data, that must be
discretized in practice. Through numerical experiments, we seek to test the
lower bounds established by Hanin in 2017.
","2","AI: Codex (2026-09-24; title/abstract review)","Investigates minimum network width, directly informing architectural capacity choices."
"Q02","transformer attention","Find attention mechanisms used in Transformer neural architectures; exclude electrical transformers.","http://arxiv.org/abs/2112.14472v1","Temporal Attention Augmented Transformer Hawkes Process","Lu-ning Zhang, Jian-wei Liu, Zhi-yan Song, Xin Zuo","  In recent years, mining the knowledge from asynchronous sequences by Hawkes
process is a subject worthy of continued attention, and Hawkes processes based
on the neural network have gradually become the most hotly researched fields,
especially based on the recurrence neural network (RNN). However, these models
still contain some inherent shortcomings of RNN, such as vanishing and
exploding gradient and long-term dependency problems. Meanwhile, Transformer
based on self-attention has achieved great success in sequential modeling like
text processing and speech recognition. Although the Transformer Hawkes process
(THP) has gained huge performance improvement, THPs do not effectively utilize
the temporal information in the asynchronous events, for these asynchronous
sequences, the event occurrence instants are as important as the types of
events, while conventional THPs simply convert temporal information into
position encoding and add them as the input of transformer. With this in mind,
we come up with a new kind of Transformer-based Hawkes process model, Temporal
Attention Augmented Transformer Hawkes Process (TAA-THP), we modify the
traditional dot-product attention structure, and introduce the temporal
encoding into attention structure. We conduct numerous experiments on a wide
range of synthetic and real-life datasets to validate the performance of our
proposed TAA-THP model, significantly improvement compared with existing
baseline models on the different measurements is achieved, including
log-likelihood on the test dataset, and prediction accuracies of event types
and occurrence times. In addition, through the ablation studies, we vividly
demonstrate the merit of introducing additional temporal attention by comparing
the performance of the model with and without temporal attention.
","2","AI: Codex (2026-09-24; title/abstract review)","Introduces temporal encoding into Transformer dot-product attention for event sequences."
"Q02","transformer attention","Find attention mechanisms used in Transformer neural architectures; exclude electrical transformers.","http://arxiv.org/abs/2202.11402v1","A Differential Attention Fusion Model Based on Transformer for Time
  Series Forecasting","Benhan Li, Shengdong Du, Tianrui Li","  Time series forecasting is widely used in the fields of equipment life cycle
forecasting, weather forecasting, traffic flow forecasting, and other fields.
Recently, some scholars have tried to apply Transformer to time series
forecasting because of its powerful parallel training ability. However, the
existing Transformer methods do not pay enough attention to the small time
segments that play a decisive role in prediction, making it insensitive to
small changes that affect the trend of time series, and it is difficult to
effectively learn continuous time-dependent features. To solve this problem, we
propose a differential attention fusion model based on Transformer, which
designs the differential layer, neighbor attention, sliding fusion mechanism,
and residual layer on the basis of classical Transformer architecture.
Specifically, the differences of adjacent time points are extracted and focused
by difference and neighbor attention. The sliding fusion mechanism fuses
various features of each time point so that the data can participate in
encoding and decoding without losing important information. The residual layer
including convolution and LSTM further learns the dependence between time
points and enables our model to carry out deeper training. A large number of
experiments on three datasets show that the prediction results produced by our
method are favorably comparable to the state-of-the-art.
","2","AI: Codex (2026-09-24; title/abstract review)","Designs differential and neighbor attention with fusion inside a Transformer."
"Q02","transformer attention","Find attention mechanisms used in Transformer neural architectures; exclude electrical transformers.","http://arxiv.org/abs/2102.12871v3","SparseBERT: Rethinking the Importance Analysis in Self-attention","Han Shi, Jiahui Gao, Xiaozhe Ren, Hang Xu, Xiaodan Liang, Zhenguo Li, James T. Kwok","  Transformer-based models are popularly used in natural language processing
(NLP). Its core component, self-attention, has aroused widespread interest. To
understand the self-attention mechanism, a direct method is to visualize the
attention map of a pre-trained model. Based on the patterns observed, a series
of efficient Transformers with different sparse attention masks have been
proposed. From a theoretical perspective, universal approximability of
Transformer-based models is also recently proved. However, the above
understanding and analysis of self-attention is based on a pre-trained model.
To rethink the importance analysis in self-attention, we study the significance
of different positions in attention matrix during pre-training. A surprising
result is that diagonal elements in the attention map are the least important
compared with other attention positions. We provide a proof showing that these
diagonal elements can indeed be removed without deteriorating model
performance. Furthermore, we propose a Differentiable Attention Mask (DAM)
algorithm, which further guides the design of the SparseBERT. Extensive
experiments verify our interesting findings and illustrate the effect of the
proposed algorithm.
","2","AI: Codex (2026-09-24; title/abstract review)","Analyzes self-attention positions and learns sparse attention masks for BERT."
"Q02","transformer attention","Find attention mechanisms used in Transformer neural architectures; exclude electrical transformers.","http://arxiv.org/abs/2204.11073v1","Grad-SAM: Explaining Transformers via Gradient Self-Attention Maps","Oren Barkan, Edan Hauon, Avi Caciularu, Ori Katz, Itzik Malkiel, Omri Armstrong, Noam Koenigstein","  Transformer-based language models significantly advanced the state-of-the-art
in many linguistic tasks. As this revolution continues, the ability to explain
model predictions has become a major area of interest for the NLP community. In
this work, we present Gradient Self-Attention Maps (Grad-SAM) - a novel
gradient-based method that analyzes self-attention units and identifies the
input elements that explain the model's prediction the best. Extensive
evaluations on various benchmarks show that Grad-SAM obtains significant
improvements over state-of-the-art alternatives.
","1","AI: Codex (2026-09-24; title/abstract review)","Explains existing Transformer attention through gradients rather than proposing an attention computation mechanism."
"Q02","transformer attention","Find attention mechanisms used in Transformer neural architectures; exclude electrical transformers.","http://arxiv.org/abs/2202.12166v1","Attention Enables Zero Approximation Error","Zhiying Fang, Yidong Ouyang, Ding-Xuan Zhou, Guang Cheng","  Deep learning models have been widely applied in various aspects of daily
life. Many variant models based on deep learning structures have achieved even
better performances. Attention-based architectures have become almost
ubiquitous in deep learning structures. Especially, the transformer model has
now defeated the convolutional neural network in image classification tasks to
become the most widely used tool. However, the theoretical properties of
attention-based models are seldom considered. In this work, we show that with
suitable adaptations, the single-head self-attention transformer with a fixed
number of transformer encoder blocks and free parameters is able to generate
any desired polynomial of the input with no error. The number of transformer
encoder blocks is the same as the degree of the target polynomial. Even more
exciting, we find that these transformer encoder blocks in this model do not
need to be trained. As a direct consequence, we show that the single-head
self-attention transformer with increasing numbers of free parameters is
universal. These surprising theoretical results clearly explain the outstanding
performances of the transformer model and may shed light on future
modifications in real applications. We also provide some experiments to verify
our theoretical result.
","2","AI: Codex (2026-09-24; title/abstract review)","Constructs and analyzes single-head self-attention Transformers with polynomial representation guarantees."
"Q02","transformer attention","Find attention mechanisms used in Transformer neural architectures; exclude electrical transformers.","http://arxiv.org/abs/2102.12895v1","Evolving Attention with Residual Convolutions","Yujing Wang, Yaming Yang, Jiangang Bai, Mingliang Zhang, Jing Bai, Jing Yu, Ce Zhang, Gao Huang, Yunhai Tong","  Transformer is a ubiquitous model for natural language processing and has
attracted wide attentions in computer vision. The attention maps are
indispensable for a transformer model to encode the dependencies among input
tokens. However, they are learned independently in each layer and sometimes
fail to capture precise patterns. In this paper, we propose a novel and generic
mechanism based on evolving attention to improve the performance of
transformers. On one hand, the attention maps in different layers share common
knowledge, thus the ones in preceding layers can instruct the attention in
succeeding layers through residual connections. On the other hand, low-level
and high-level attentions vary in the level of abstraction, so we adopt
convolutional layers to model the evolutionary process of attention maps. The
proposed evolving attention mechanism achieves significant performance
improvement over various state-of-the-art models for multiple tasks, including
image classification, natural language understanding and machine translation.
","2","AI: Codex (2026-09-24; title/abstract review)","Proposes residual convolutional evolution of attention maps across Transformer layers."
"Q02","transformer attention","Find attention mechanisms used in Transformer neural architectures; exclude electrical transformers.","http://arxiv.org/abs/2210.00641v1","DARTFormer: Finding The Best Type Of Attention","Jason Ross Brown, Yiren Zhao, Ilia Shumailov, Robert D Mullins","  Given the wide and ever growing range of different efficient Transformer
attention mechanisms, it is important to identify which attention is most
effective when given a task. In this work, we are also interested in combining
different attention types to build heterogeneous Transformers. We first propose
a DARTS-like Neural Architecture Search (NAS) method to find the best attention
for a given task, in this setup, all heads use the same attention (homogeneous
models). Our results suggest that NAS is highly effective on this task, and it
identifies the best attention mechanisms for IMDb byte level text
classification and Listops. We then extend our framework to search for and
build Transformers with multiple different attention types, and call them
heterogeneous Transformers. We show that whilst these heterogeneous
Transformers are better than the average homogeneous models, they cannot
outperform the best. We explore the reasons why heterogeneous attention makes
sense, and why it ultimately fails.
","2","AI: Codex (2026-09-24; title/abstract review)","Searches over attention mechanisms and homogeneous or heterogeneous Transformer designs."
"Q02","transformer attention","Find attention mechanisms used in Transformer neural architectures; exclude electrical transformers.","http://arxiv.org/abs/2205.15389v1","Attention Flows for General Transformers","Niklas Metzger, Christopher Hahn, Julian Siber, Frederik Schmitt, Bernd Finkbeiner","  In this paper, we study the computation of how much an input token in a
Transformer model influences its prediction. We formalize a method to construct
a flow network out of the attention values of encoder-only Transformer models
and extend it to general Transformer architectures including an auto-regressive
decoder. We show that running a maxflow algorithm on the flow network
construction yields Shapley values, which determine the impact of a player in
cooperative game theory. By interpreting the input tokens in the flow network
as players, we can compute their influence on the total attention flow leading
to the decoder's decision. Additionally, we provide a library that computes and
visualizes the attention flow of arbitrary Transformer models. We show the
usefulness of our implementation on various models trained on natural language
processing and reasoning tasks.
","1","AI: Codex (2026-09-24; title/abstract review)","Analyzes attention flow to explain token influence; useful background on existing attention rather than a new mechanism."
"Q02","transformer attention","Find attention mechanisms used in Transformer neural architectures; exclude electrical transformers.","http://arxiv.org/abs/2108.08224v1","Transformers predicting the future. Applying attention in next-frame and
  time series forecasting","Radostin Cholakov, Todor Kolev","  Recurrent Neural Networks were, until recently, one of the best ways to
capture the timely dependencies in sequences. However, with the introduction of
the Transformer, it has been proven that an architecture with only
attention-mechanisms without any RNN can improve on the results in various
sequence processing tasks (e.g. NLP). Multiple studies since then have shown
that similar approaches can be applied for images, point clouds, video, audio
or time series forecasting. Furthermore, solutions such as the Perceiver or the
Informer have been introduced to expand on the applicability of the
Transformer. Our main objective is testing and evaluating the effectiveness of
applying Transformer-like models on time series data, tackling susceptibility
to anomalies, context awareness and space complexity by fine-tuning the
hyperparameters, preprocessing the data, applying dimensionality reduction or
convolutional encodings, etc. We are also looking at the problem of next-frame
prediction and exploring ways to modify existing solutions in order to achieve
higher performance and learn generalized knowledge.
","1","AI: Codex (2026-09-24; title/abstract review)","Evaluates Transformer forecasting applications and hyperparameters without a clearly specified new attention mechanism."
"Q02","transformer attention","Find attention mechanisms used in Transformer neural architectures; exclude electrical transformers.","http://arxiv.org/abs/2110.11299v1","Transformer Acceleration with Dynamic Sparse Attention","Liu Liu, Zheng Qu, Zhaodong Chen, Yufei Ding, Yuan Xie","  Transformers are the mainstream of NLP applications and are becoming
increasingly popular in other domains such as Computer Vision. Despite the
improvements in model quality, the enormous computation costs make Transformers
difficult at deployment, especially when the sequence length is large in
emerging applications. Processing attention mechanism as the essential
component of Transformer is the bottleneck of execution due to the quadratic
complexity. Prior art explores sparse patterns in attention to support long
sequence modeling, but those pieces of work are on static or fixed patterns. We
demonstrate that the sparse patterns are dynamic, depending on input sequences.
Thus, we propose the Dynamic Sparse Attention (DSA) that can efficiently
exploit the dynamic sparsity in the attention of Transformers. Compared with
other methods, our approach can achieve better trade-offs between accuracy and
model complexity. Moving forward, we identify challenges and provide solutions
to implement DSA on existing hardware (GPUs) and specialized hardware in order
to achieve practical speedup and efficiency improvements for Transformer
execution.
","2","AI: Codex (2026-09-24; title/abstract review)","Develops dynamic sparse attention and implementation methods for efficient Transformers."
"Q02","transformer attention","Find attention mechanisms used in Transformer neural architectures; exclude electrical transformers.","http://arxiv.org/abs/2012.11747v3","RealFormer: Transformer Likes Residual Attention","Ruining He, Anirudh Ravula, Bhargav Kanagal, Joshua Ainslie","  Transformer is the backbone of modern NLP models. In this paper, we propose
RealFormer, a simple and generic technique to create Residual Attention Layer
Transformer networks that significantly outperform the canonical Transformer
and its variants (BERT, ETC, etc.) on a wide spectrum of tasks including Masked
Language Modeling, GLUE, SQuAD, Neural Machine Translation, WikiHop, HotpotQA,
Natural Questions, and OpenKP. We also observe empirically that RealFormer
stabilizes training and leads to models with sparser attention. Source code and
pre-trained checkpoints for RealFormer can be found at
https://github.com/google-research/google-research/tree/master/realformer.
","2","AI: Codex (2026-09-24; title/abstract review)","Introduces residual attention layers as a Transformer architecture modification."
"Q02","transformer attention","Find attention mechanisms used in Transformer neural architectures; exclude electrical transformers.","http://arxiv.org/abs/2210.00640v2","Wide Attention Is The Way Forward For Transformers?","Jason Ross Brown, Yiren Zhao, Ilia Shumailov, Robert D Mullins","  The Transformer is an extremely powerful and prominent deep learning
architecture. In this work, we challenge the commonly held belief in deep
learning that going deeper is better, and show an alternative design approach
that is building wider attention Transformers. We demonstrate that wide single
layer Transformer models can compete with or outperform deeper ones in a
variety of Natural Language Processing (NLP) tasks when both are trained from
scratch. The impact of changing the model aspect ratio on Transformers is then
studied systematically. This ratio balances the number of layers and the number
of attention heads per layer while keeping the total number of attention heads
and all other hyperparameters constant. On average, across 4 NLP tasks and 10
attention types, single layer wide models perform 0.3% better than their deep
counterparts. We show an in-depth evaluation and demonstrate how wide models
require a far smaller memory footprint and can run faster on commodity
hardware, in addition, these wider models are also more interpretable. For
example, a single layer Transformer on the IMDb byte level text classification
has 3.1x faster inference latency on a CPU than its equally accurate deeper
counterpart, and is half the size. We therefore put forward wider and shallower
models as a viable and desirable alternative for small models on NLP tasks, and
as an important area of research for domains beyond this.
","2","AI: Codex (2026-09-24; title/abstract review)","Studies attention-head width versus depth as a Transformer design choice."
"Q03","information retrieval","Find methods for retrieving and ranking documents relevant to an information need; exclude unrelated information theory.","http://arxiv.org/abs/2012.04037v1","High resolution functional imaging through Lorentz transmission electron
  microscopy and differentiable programming","Tao Zhou, Mathew Cherukara, Charudatta Phatak","  Lorentz transmission electron microscopy is a unique characterization
technique that enables the simultaneous imaging of both the microstructure and
functional properties of materials at high spatial resolution. The quantitative
information such as magnetization and electric potentials is carried by the
phase of the electron wave, and is lost during imaging. In order to understand
the local interactions and develop structure-property relationships, it is
necessary to retrieve the complete wavefunction of the electron wave, which
requires solving for the phase shift of the electrons (phase retrieval). Here
we have developed a method based on differentiable programming to solve the
inverse problem of phase retrieval, using a series of defocused microscope
images. We show that our method is robust and can outperform widely used
\textit{transport of intensity equation} in terms of spatial resolution and
accuracy of the retrieved phase under same electron dose conditions.
Furthermore, our method shares the same basic structure as advanced machine
learning algorithms, and is easily adaptable to various other forms of phase
retrieval in electron microscopy.
","0","AI: Codex (2026-09-24; title/abstract review)","Retrieves electron-wave phase from microscope images, not documents for an information need."
"Q03","information retrieval","Find methods for retrieving and ranking documents relevant to an information need; exclude unrelated information theory.","http://arxiv.org/abs/2210.02617v1","Generalization Properties of Retrieval-based Models","Soumya Basu, Ankit Singh Rawat, Manzil Zaheer","  Many modern high-performing machine learning models such as GPT-3 primarily
rely on scaling up models, e.g., transformer networks. Simultaneously, a
parallel line of work aims to improve the model performance by augmenting an
input instance with other (labeled) instances during inference. Examples of
such augmentations include task-specific prompts and similar examples retrieved
from the training data by a nonparametric component. Remarkably,
retrieval-based methods have enjoyed success on a wide range of problems,
ranging from standard natural language processing and vision tasks to protein
folding, as demonstrated by many recent efforts, including WebGPT and
AlphaFold. Despite growing literature showcasing the promise of these models,
the theoretical underpinning for such models remains underexplored. In this
paper, we present a formal treatment of retrieval-based models to characterize
their generalization ability. In particular, we focus on two classes of
retrieval-based classification approaches: First, we analyze a local learning
framework that employs an explicit local empirical risk minimization based on
retrieved examples for each input instance. Interestingly, we show that
breaking down the underlying learning task into local sub-tasks enables the
model to employ a low complexity parametric component to ensure good overall
accuracy. The second class of retrieval-based approaches we explore learns a
global model using kernel methods to directly map an input instance and
retrieved examples to a prediction, without explicitly solving a local learning
task.
","1","AI: Codex (2026-09-24; title/abstract review)","Analyzes retrieval-augmented classifiers; offers retrieval-model foundations but does not focus on document ranking."
"Q03","information retrieval","Find methods for retrieving and ranking documents relevant to an information need; exclude unrelated information theory.","http://arxiv.org/abs/2109.08063v1","Associative Memories via Predictive Coding","Tommaso Salvatori, Yuhang Song, Yujian Hong, Simon Frieder, Lei Sha, Zhenghua Xu, Rafal Bogacz, Thomas Lukasiewicz","  Associative memories in the brain receive and store patterns of activity
registered by the sensory neurons, and are able to retrieve them when
necessary. Due to their importance in human intelligence, computational models
of associative memories have been developed for several decades now. They
include autoassociative memories, which allow for storing data points and
retrieving a stored data point $s$ when provided with a noisy or partial
variant of $s$, and heteroassociative memories, able to store and recall
multi-modal data. In this paper, we present a novel neural model for realizing
associative memories, based on a hierarchical generative network that receives
external stimuli via sensory neurons. This model is trained using predictive
coding, an error-based learning algorithm inspired by information processing in
the cortex. To test the capabilities of this model, we perform multiple
retrieval experiments from both corrupted and incomplete data points. In an
extensive comparison, we show that this new model outperforms in retrieval
accuracy and robustness popular associative memory models, such as autoencoders
trained via backpropagation, and modern Hopfield networks. In particular, in
completing partial data points, our model achieves remarkable results on
natural image datasets, such as ImageNet, with a surprisingly high accuracy,
even when only a tiny fraction of pixels of the original images is presented.
Furthermore, we show that this method is able to handle multi-modal data,
retrieving images from descriptions, and vice versa. We conclude by discussing
the possible impact of this work in the neuroscience community, by showing that
our model provides a plausible framework to study learning and retrieval of
memories in the brain, as it closely mimics the behavior of the hippocampus as
a memory index and generative model.
","1","AI: Codex (2026-09-24; title/abstract review)","Includes text-to-image and image-to-description associative retrieval, but mainly studies neural memory rather than document search."
"Q03","information retrieval","Find methods for retrieving and ranking documents relevant to an information need; exclude unrelated information theory.","http://arxiv.org/abs/2207.12710v2","Active Learning of Ordinal Embeddings: A User Study on Football Data","Christoffer Loeffler, Kion Fallah, Stefano Fenu, Dario Zanca, Bjoern Eskofier, Christopher John Rozell, Christopher Mutschler","  Humans innately measure distance between instances in an unlabeled dataset
using an unknown similarity function. Distance metrics can only serve as proxy
for similarity in information retrieval of similar instances. Learning a good
similarity function from human annotations improves the quality of retrievals.
This work uses deep metric learning to learn these user-defined similarity
functions from few annotations for a large football trajectory dataset. We
adapt an entropy-based active learning method with recent work from triplet
mining to collect easy-to-answer but still informative annotations from human
participants and use them to train a deep convolutional network that
generalizes to unseen samples. Our user study shows that our approach improves
the quality of the information retrieval compared to a previous deep metric
learning approach that relies on a Siamese network. Specifically, we shed light
on the strengths and weaknesses of passive sampling heuristics and active
learners alike by analyzing the participants' response efficacy. To this end,
we collect accuracy, algorithmic time complexity, the participants' fatigue and
time-to-response, qualitative self-assessment and statements, as well as the
effects of mixed-expertise annotators and their consistency on model
performance and transfer-learning.
","1","AI: Codex (2026-09-24; title/abstract review)","Learns user-defined similarity for retrieving football trajectories; transferable retrieval method outside document search."
"Q03","information retrieval","Find methods for retrieving and ranking documents relevant to an information need; exclude unrelated information theory.","http://arxiv.org/abs/0806.1156v1","Utilisation des grammaires probabilistes dans les tâches de
  segmentation et d'annotation prosodique","Irina Nesterenko, Stéphane Rauzy","  Nous pr\'esentons dans cette contribution une approche \`a la fois symbolique
et probabiliste permettant d'extraire l'information sur la segmentation du
signal de parole \`a partir d'information prosodique. Nous utilisons pour ce
faire des grammaires probabilistes poss\'edant une structure hi\'erarchique
minimale. La phase de construction des grammaires ainsi que leur pouvoir de
pr\'ediction sont \'evalu\'es qualitativement ainsi que quantitativement.
  -----
  Methodologically oriented, the present work sketches an approach for prosodic
information retrieval and speech segmentation, based on both symbolic and
probabilistic information. We have recourse to probabilistic grammars, within
which we implement a minimal hierarchical structure. Both the stages of
probabilistic grammar building and its testing in prediction are explored and
quantitatively and qualitatively evaluated.
","0","AI: Codex (2026-09-24; title/abstract review)","Extracts prosodic information and speech segments rather than retrieving relevant documents."
"Q03","information retrieval","Find methods for retrieving and ranking documents relevant to an information need; exclude unrelated information theory.","http://arxiv.org/abs/2110.09419v2","Compositional Attention: Disentangling Search and Retrieval","Sarthak Mittal, Sharath Chandra Raparthy, Irina Rish, Yoshua Bengio, Guillaume Lajoie","  Multi-head, key-value attention is the backbone of the widely successful
Transformer model and its variants. This attention mechanism uses multiple
parallel key-value attention blocks (called heads), each performing two
fundamental computations: (1) search - selection of a relevant entity from a
set via query-key interactions, and (2) retrieval - extraction of relevant
features from the selected entity via a value matrix. Importantly, standard
attention heads learn a rigid mapping between search and retrieval. In this
work, we first highlight how this static nature of the pairing can potentially:
(a) lead to learning of redundant parameters in certain tasks, and (b) hinder
generalization. To alleviate this problem, we propose a novel attention
mechanism, called Compositional Attention, that replaces the standard head
structure. The proposed mechanism disentangles search and retrieval and
composes them in a dynamic, flexible and context-dependent manner through an
additional soft competition stage between the query-key combination and value
pairing. Through a series of numerical experiments, we show that it outperforms
standard multi-head attention on a variety of tasks, including some
out-of-distribution settings. Through our qualitative analysis, we demonstrate
that Compositional Attention leads to dynamic specialization based on the type
of retrieval needed. Our proposed mechanism generalizes multi-head attention,
allows independent scaling of search and retrieval, and can easily be
implemented in lieu of standard attention heads in any network architecture.
","0","AI: Codex (2026-09-24; title/abstract review)","Search and retrieval refer to internal attention operations, not ranking documents for a user query."
"Q03","information retrieval","Find methods for retrieving and ranking documents relevant to an information need; exclude unrelated information theory.","http://arxiv.org/abs/2105.13967v3","Bridging Data Center AI Systems with Edge Computing for Actionable
  Information Retrieval","Zhengchun Liu, Ahsan Ali, Peter Kenesei, Antonino Miceli, Hemant Sharma, Nicholas Schwarz, Dennis Trujillo, Hyunseung Yoo, Ryan Coffee, Naoufal Layad, Jana Thayer, Ryan Herbst, ChunHong Yoon, Ian Foster","  Extremely high data rates at modern synchrotron and X-ray free-electron laser
light source beamlines motivate the use of machine learning methods for data
reduction, feature detection, and other purposes. Regardless of the
application, the basic concept is the same: data collected in early stages of
an experiment, data from past similar experiments, and/or data simulated for
the upcoming experiment are used to train machine learning models that, in
effect, learn specific characteristics of those data; these models are then
used to process subsequent data more efficiently than would general-purpose
models that lack knowledge of the specific dataset or data class. Thus, a key
challenge is to be able to train models with sufficient rapidity that they can
be deployed and used within useful timescales. We describe here how specialized
data center AI (DCAI) systems can be used for this purpose through a
geographically distributed workflow. Experiments show that although there are
data movement cost and service overhead to use remote DCAI systems for DNN
training, the turnaround time is still less than 1/30 of using a locally
deploy-able GPU.
","0","AI: Codex (2026-09-24; title/abstract review)","Accelerates scientific instrument data processing with remote model training; no document retrieval method."
"Q03","information retrieval","Find methods for retrieving and ranking documents relevant to an information need; exclude unrelated information theory.","http://arxiv.org/abs/1707.02610v2","Few-Shot Learning Through an Information Retrieval Lens","Eleni Triantafillou, Richard Zemel, Raquel Urtasun","  Few-shot learning refers to understanding new concepts from only a few
examples. We propose an information retrieval-inspired approach for this
problem that is motivated by the increased importance of maximally leveraging
all the available information in this low-data regime. We define a training
objective that aims to extract as much information as possible from each
training batch by effectively optimizing over all relative orderings of the
batch points simultaneously. In particular, we view each batch point as a
`query' that ranks the remaining ones based on its predicted relevance to them
and we define a model within the framework of structured prediction to optimize
mean Average Precision over these rankings. Our method achieves impressive
results on the standard few-shot classification benchmarks while is also
capable of few-shot retrieval.
","1","AI: Codex (2026-09-24; title/abstract review)","Optimizes ranking by mean average precision for few-shot learning and retrieval, but primarily addresses example classification."
"Q03","information retrieval","Find methods for retrieving and ranking documents relevant to an information need; exclude unrelated information theory.","http://arxiv.org/abs/2201.03599v1","Phase retrieval methods applied to coherent imaging","Tatiana Latychevskaia","  Modern microscopy techniques are developing towards high-resolution imaging,
and tremendous progress has been made in past decades; however, the imaging of
individual biological macromolecules at atomic resolution using
short-wavelength radiation such as electrons or X-rays has not yet been
achieved. The construction of free-electron lasers in many countries around the
world arises from the desire to develop new imaging techniques by employing
coherent radiation to image individual macromolecules. This work deals with
coherent imaging and related phase retrieval techniques, with an emphasis on
their application in the imaging of individual biological macromolecules.
","0","AI: Codex (2026-09-24; title/abstract review)","Concerns optical phase retrieval for coherent microscopy rather than document search."
"Q03","information retrieval","Find methods for retrieving and ranking documents relevant to an information need; exclude unrelated information theory.","http://arxiv.org/abs/2011.14638v1","TSSRGCN: Temporal Spectral Spatial Retrieval Graph Convolutional Network
  for Traffic Flow Forecasting","Xu Chen, Yuanxing Zhang, Lun Du, Zheng Fang, Yi Ren, Kaigui Bian, Kunqing Xie","  Traffic flow forecasting is of great significance for improving the
efficiency of transportation systems and preventing emergencies. Due to the
highly non-linearity and intricate evolutionary patterns of short-term and
long-term traffic flow, existing methods often fail to take full advantage of
spatial-temporal information, especially the various temporal patterns with
different period shifting and the characteristics of road segments. Besides,
the globality representing the absolute value of traffic status indicators and
the locality representing the relative value have not been considered
simultaneously. This paper proposes a neural network model that focuses on the
globality and locality of traffic networks as well as the temporal patterns of
traffic data. The cycle-based dilated deformable convolution block is designed
to capture different time-varying trends on each node accurately. Our model can
extract both global and local spatial information since we combine two graph
convolutional network methods to learn the representations of nodes and edges.
Experiments on two real-world datasets show that the model can scrutinize the
spatial-temporal correlation of traffic data, and its performance is better
than the compared state-of-the-art methods. Further analysis indicates that the
locality and globality of the traffic networks are critical to traffic flow
prediction and the proposed TSSRGCN model can adapt to the various temporal
traffic patterns.
","0","AI: Codex (2026-09-24; title/abstract review)","Forecasts traffic using spatial and temporal graph features; retrieval is not document retrieval."
"Q03","information retrieval","Find methods for retrieving and ranking documents relevant to an information need; exclude unrelated information theory.","http://arxiv.org/abs/1602.06818v2","Graph Regularized Low Rank Representation for Aerosol Optical Depth
  Retrieval","Yubao Sun, Renlong Hang, Qingshan Liu, Fuping Zhu, Hucheng Pei","  In this paper, we propose a novel data-driven regression model for aerosol
optical depth (AOD) retrieval. First, we adopt a low rank representation (LRR)
model to learn a powerful representation of the spectral response. Then, graph
regularization is incorporated into the LRR model to capture the local
structure information and the nonlinear property of the remote-sensing data.
Since it is easy to acquire the rich satellite-retrieval results, we use them
as a baseline to construct the graph. Finally, the learned feature
representation is feeded into support vector machine (SVM) to retrieve AOD.
Experiments are conducted on two widely used data sets acquired by different
sensors, and the experimental results show that the proposed method can achieve
superior performance compared to the physical models and other state-of-the-art
empirical models.
","0","AI: Codex (2026-09-24; title/abstract review)","Estimates aerosol optical depth from remote-sensing measurements rather than retrieving documents."
"Q03","information retrieval","Find methods for retrieving and ranking documents relevant to an information need; exclude unrelated information theory.","http://arxiv.org/abs/2204.09805v3","fairDMS: Rapid Model Training by Data and Model Reuse","Ahsan Ali, Hemant Sharma, Rajkumar Kettimuthu, Peter Kenesei, Dennis Trujillo, Antonino Miceli, Ian Foster, Ryan Coffee, Jana Thayer, Zhengchun Liu","  Extracting actionable information rapidly from data produced by instruments
such as the Linac Coherent Light Source (LCLS-II) and Advanced Photon Source
Upgrade (APS-U) is becoming ever more challenging due to high (up to TB/s) data
rates. Conventional physics-based information retrieval methods are
hard-pressed to detect interesting events fast enough to enable timely focusing
on a rare event or correction of an error. Machine learning~(ML) methods that
learn cheap surrogate classifiers present a promising alternative, but can fail
catastrophically when changes in instrument or sample result in degradation in
ML performance. To overcome such difficulties, we present a new data storage
and ML model training architecture designed to organize large volumes of data
and models so that when model degradation is detected, prior models and/or data
can be queried rapidly and a more suitable model retrieved and fine-tuned for
new conditions. We show that our approach can achieve up to 100x data labelling
speedup compared to the current state-of-the-art, 200x improvement in training
speed, and 92x speedup in-terms of end-to-end model updating time.
","0","AI: Codex (2026-09-24; title/abstract review)","Retrieves stored data and models to update scientific classifiers; does not address relevant-document ranking."
"Q03","information retrieval","Find methods for retrieving and ranking documents relevant to an information need; exclude unrelated information theory.","http://arxiv.org/abs/1802.09502v1","Retrieval-Augmented Convolutional Neural Networks for Improved
  Robustness against Adversarial Examples","Jake Zhao, Kyunghyun Cho","  We propose a retrieval-augmented convolutional network and propose to train
it with local mixup, a novel variant of the recently proposed mixup algorithm.
The proposed hybrid architecture combining a convolutional network and an
off-the-shelf retrieval engine was designed to mitigate the adverse effect of
off-manifold adversarial examples, while the proposed local mixup addresses
on-manifold ones by explicitly encouraging the classifier to locally behave
linearly on the data manifold. Our evaluation of the proposed approach against
five readily-available adversarial attacks on three datasets--CIFAR-10, SVHN
and ImageNet--demonstrate the improved robustness compared to the vanilla
convolutional network.
","1","AI: Codex (2026-09-24; title/abstract review)","Uses a retrieval engine to augment image classification; relevant retrieval background but not a document-search contribution."
"Q03","information retrieval","Find methods for retrieving and ranking documents relevant to an information need; exclude unrelated information theory.","http://arxiv.org/abs/1702.06106v3","An Attention-Based Deep Net for Learning to Rank","Baiyang Wang, Diego Klabjan","  In information retrieval, learning to rank constructs a machine-based ranking
model which given a query, sorts the search results by their degree of
relevance or importance to the query. Neural networks have been successfully
applied to this problem, and in this paper, we propose an attention-based deep
neural network which better incorporates different embeddings of the queries
and search results with an attention-based mechanism. This model also applies a
decoder mechanism to learn the ranks of the search results in a listwise
fashion. The embeddings are trained with convolutional neural networks or the
word2vec model. We demonstrate the performance of this model with image
retrieval and text querying data sets.
","2","AI: Codex (2026-09-24; title/abstract review)","Develops query-dependent, listwise learning to rank and evaluates text querying and image retrieval."
"Q04","machine translation","Find computational methods for translating text between human languages; exclude geometric translation.","http://arxiv.org/abs/cond-mat/0001312v1","Two-dimensional charged electron-hole complexes in magnetic fields:
  Keeping magnetic translations preserved","A. B. Dzyubenko","  Eigenstates of 2D charged electron-hole complexes in magnetic fields are
considered. The operator formalism that allows one to partially separate the
center-of-mass motion from internal degrees of freedom is presented. The scheme
using magnetic translations is developed for calculating in strong magnetic
fields the eigenspectra of negatively charged excitons X^-, a bound state of
two electrons and one hole.
","0","AI: Codex (2026-09-24; title/abstract review)","Magnetic translations describe motion of electron-hole systems, not human-language translation."
"Q04","machine translation","Find computational methods for translating text between human languages; exclude geometric translation.","http://arxiv.org/abs/1612.09529v1","Linking the Neural Machine Translation and the Prediction of Organic
  Chemistry Reactions","Juno Nam, Jurae Kim","  Finding the main product of a chemical reaction is one of the important
problems of organic chemistry. This paper describes a method of applying a
neural machine translation model to the prediction of organic chemical
reactions. In order to translate 'reactants and reagents' to 'products', a
gated recurrent unit based sequence-to-sequence model and a parser to generate
input tokens for model from reaction SMILES strings were built. Training sets
are composed of reactions from the patent databases, and reactions manually
generated applying the elementary reactions in an organic chemistry textbook of
Wade. The trained models were tested by examples and problems in the textbook.
The prediction process does not need manual encoding of rules (e.g., SMARTS
transformations) to predict products, hence it only needs sufficient training
reaction sets to learn new types of reactions.
","0","AI: Codex (2026-09-24; title/abstract review)","Translates chemical reaction strings to products rather than text between human languages."
"Q04","machine translation","Find computational methods for translating text between human languages; exclude geometric translation.","http://arxiv.org/abs/2104.05997v2","Tracking translation invariance in CNNs","Johannes C. Myburgh, Coenraad Mouton, Marelie H. Davel","  Although Convolutional Neural Networks (CNNs) are widely used, their
translation invariance (ability to deal with translated inputs) is still
subject to some controversy. We explore this question using
translation-sensitivity maps to quantify how sensitive a standard CNN is to a
translated input. We propose the use of Cosine Similarity as sensitivity metric
over Euclidean Distance, and discuss the importance of restricting the
dimensionality of either of these metrics when comparing architectures. Our
main focus is to investigate the effect of different architectural components
of a standard CNN on that network's sensitivity to translation. By varying
convolutional kernel sizes and amounts of zero padding, we control the size of
the feature maps produced, allowing us to quantify the extent to which these
elements influence translation invariance. We also measure translation
invariance at different locations within the CNN to determine the extent to
which convolutional and fully connected layers, respectively, contribute to the
translation invariance of a CNN as a whole. Our analysis indicates that both
convolutional kernel size and feature map size have a systematic influence on
translation invariance. We also see that convolutional layers contribute less
than expected to translation invariance, when not specifically forced to do so.
","0","AI: Codex (2026-09-24; title/abstract review)","Studies spatial translation invariance in image networks."
"Q04","machine translation","Find computational methods for translating text between human languages; exclude geometric translation.","http://arxiv.org/abs/2103.08827v1","Semi-Supervised Graph-to-Graph Translation","Tianxiang Zhao, Xianfeng Tang, Xiang Zhang, Suhang Wang","  Graph translation is very promising research direction and has a wide range
of potential real-world applications. Graph is a natural structure for
representing relationship and interactions, and its translation can encode the
intrinsic semantic changes of relationships in different scenarios. However,
despite its seemingly wide possibilities, usage of graph translation so far is
still quite limited. One important reason is the lack of high-quality paired
dataset. For example, we can easily build graphs representing peoples' shared
music tastes and those representing co-purchase behavior, but a well paired
dataset is much more expensive to obtain. Therefore, in this work, we seek to
provide a graph translation model in the semi-supervised scenario. This task is
non-trivial, because graph translation involves changing the semantics in the
form of link topology and node attributes, which is difficult to capture due to
the combinatory nature and inter-dependencies. Furthermore, due to the high
order of freedom in graph's composition, it is difficult to assure the
generalization ability of trained models. These difficulties impose a tighter
requirement for the exploitation of unpaired samples. Addressing them, we
propose to construct a dual representation space, where transformation is
performed explicitly to model the semantic transitions. Special encoder/decoder
structures are designed, and auxiliary mutual information loss is also adopted
to enforce the alignment of unpaired/paired examples. We evaluate the proposed
method in three different datasets.
","0","AI: Codex (2026-09-24; title/abstract review)","Translates graph structures and attributes rather than human-language text."
"Q04","machine translation","Find computational methods for translating text between human languages; exclude geometric translation.","http://arxiv.org/abs/2103.10097v1","Stride and Translation Invariance in CNNs","Coenraad Mouton, Johannes C. Myburgh, Marelie H. Davel","  Convolutional Neural Networks have become the standard for image
classification tasks, however, these architectures are not invariant to
translations of the input image. This lack of invariance is attributed to the
use of stride which ignores the sampling theorem, and fully connected layers
which lack spatial reasoning. We show that stride can greatly benefit
translation invariance given that it is combined with sufficient similarity
between neighbouring pixels, a characteristic which we refer to as local
homogeneity. We also observe that this characteristic is dataset-specific and
dictates the relationship between pooling kernel size and stride required for
translation invariance. Furthermore we find that a trade-off exists between
generalization and translation invariance in the case of pooling kernel size,
as larger kernel sizes lead to better invariance but poorer generalization.
Finally we explore the efficacy of other solutions proposed, namely global
average pooling, anti-aliasing, and data augmentation, both empirically and
through the lens of local homogeneity.
","0","AI: Codex (2026-09-24; title/abstract review)","Studies spatial shifts and pooling in image networks, not language translation."
"Q04","machine translation","Find computational methods for translating text between human languages; exclude geometric translation.","http://arxiv.org/abs/cs/0606046v1","Authorised Translations of Electronic Documents","Jan Piechalski, Andreas U. Schmidt","  A concept is proposed to extend authorised translations of documents to
electronically signed, digital documents. Central element of the solution is an
electronic seal, embodied as an XML data structure, which attests to the
correctness of the translation and the authorisation of the translator. The
seal contains a digital signature binding together original and translated
document, thus enabling forensic inspection and therefore legal security in the
appropriation of the translation. Organisational aspects of possible
implementation variants of electronic authorised translations are discussed and
a realisation as a stand-alone web-service is presented.
","1","AI: Codex (2026-09-24; title/abstract review)","Authenticates human document translations with signatures; supports translation workflows but does not compute translations."
"Q04","machine translation","Find computational methods for translating text between human languages; exclude geometric translation.","http://arxiv.org/abs/1607.07086v3","An Actor-Critic Algorithm for Sequence Prediction","Dzmitry Bahdanau, Philemon Brakel, Kelvin Xu, Anirudh Goyal, Ryan Lowe, Joelle Pineau, Aaron Courville, Yoshua Bengio","  We present an approach to training neural networks to generate sequences
using actor-critic methods from reinforcement learning (RL). Current
log-likelihood training methods are limited by the discrepancy between their
training and testing modes, as models must generate tokens conditioned on their
previous guesses rather than the ground-truth tokens. We address this problem
by introducing a \textit{critic} network that is trained to predict the value
of an output token, given the policy of an \textit{actor} network. This results
in a training procedure that is much closer to the test phase, and allows us to
directly optimize for a task-specific score such as BLEU. Crucially, since we
leverage these techniques in the supervised learning setting rather than the
traditional RL setting, we condition the critic network on the ground-truth
output. We show that our method leads to improved performance on both a
synthetic task, and for German-English machine translation. Our analysis paves
the way for such methods to be applied in natural language generation tasks,
such as machine translation, caption generation, and dialogue modelling.
","2","AI: Codex (2026-09-24; title/abstract review)","Develops sequence training with actor-critic methods and evaluates German-English machine translation."
"Q04","machine translation","Find computational methods for translating text between human languages; exclude geometric translation.","http://arxiv.org/abs/2410.01156v1","A semiclassical non-adiabatic phase-space approach to molecular
  translations and rotations: A new picture of surface hopping and electronic
  inertial effects","Xuezhi Bian, Yanze Wu, Tian Qiu, Tao Zhen, Joseph E. Subotnik","  We present a novel semiclassical phase-space surface hopping approach that
goes beyond the Born-Oppenheimer approximation and all existing surface hopping
formalisms. We demonstrate that working with a correct phase-space electronic
Hamiltonian can capture electronic inertial effects during pure nuclear
translational and rotational motion and completely eliminate (at least to very
high order) non-adiabatic transitions between electronic eigenstates. This work
opens many new avenues for quantitatively investigating complex phenomena,
including angular momentum transfer between chiral phonons and electrons as
well as chiral-induced spin selectivity effects.
","0","AI: Codex (2026-09-24; title/abstract review)","Describes molecular translational and rotational motion."
"Q04","machine translation","Find computational methods for translating text between human languages; exclude geometric translation.","http://arxiv.org/abs/2205.13525v3","On the Inconsistency of Kernel Ridgeless Regression in Fixed Dimensions","Daniel Beaglehole, Mikhail Belkin, Parthe Pandit","  ``Benign overfitting'', the ability of certain algorithms to interpolate
noisy training data and yet perform well out-of-sample, has been a topic of
considerable recent interest. We show, using a fixed design setup, that an
important class of predictors, kernel machines with translation-invariant
kernels, does not exhibit benign overfitting in fixed dimensions. In
particular, the estimated predictor does not converge to the ground truth with
increasing sample size, for any non-zero regression function and any (even
adaptive) bandwidth selection. To prove these results, we give exact
expressions for the generalization error, and its decomposition in terms of an
approximation error and an estimation error that elicits a trade-off based on
the selection of the kernel bandwidth. Our results apply to commonly used
translation-invariant kernels such as Gaussian, Laplace, and Cauchy.
","0","AI: Codex (2026-09-24; title/abstract review)","Studies translation-invariant mathematical kernels rather than language translation."
"Q04","machine translation","Find computational methods for translating text between human languages; exclude geometric translation.","http://arxiv.org/abs/2106.14448v2","R-Drop: Regularized Dropout for Neural Networks","Xiaobo Liang, Lijun Wu, Juntao Li, Yue Wang, Qi Meng, Tao Qin, Wei Chen, Min Zhang, Tie-Yan Liu","  Dropout is a powerful and widely used technique to regularize the training of
deep neural networks. In this paper, we introduce a simple regularization
strategy upon dropout in model training, namely R-Drop, which forces the output
distributions of different sub models generated by dropout to be consistent
with each other. Specifically, for each training sample, R-Drop minimizes the
bidirectional KL-divergence between the output distributions of two sub models
sampled by dropout. Theoretical analysis reveals that R-Drop reduces the
freedom of the model parameters and complements dropout. Experiments on
$\bf{5}$ widely used deep learning tasks ($\bf{18}$ datasets in total),
including neural machine translation, abstractive summarization, language
understanding, language modeling, and image classification, show that R-Drop is
universally effective. In particular, it yields substantial improvements when
applied to fine-tune large-scale pre-trained models, e.g., ViT, RoBERTa-large,
and BART, and achieves state-of-the-art (SOTA) performances with the vanilla
Transformer model on WMT14 English$\to$German translation ($\bf{30.91}$ BLEU)
and WMT14 English$\to$French translation ($\bf{43.95}$ BLEU), even surpassing
models trained with extra large-scale data and expert-designed advanced
variants of Transformer models. Our code is available at
GitHub{\url{https://github.com/dropreg/R-Drop}}.
","1","AI: Codex (2026-09-24; title/abstract review)","General dropout regularization substantially benefits machine translation, but translation is one of several applications."
"Q04","machine translation","Find computational methods for translating text between human languages; exclude geometric translation.","http://arxiv.org/abs/2205.06969v1","Mask CycleGAN: Unpaired Multi-modal Domain Translation with
  Interpretable Latent Variable","Minfa Wang","  We propose Mask CycleGAN, a novel architecture for unpaired image domain
translation built based on CycleGAN, with an aim to address two issues: 1)
unimodality in image translation and 2) lack of interpretability of latent
variables. Our innovation in the technical approach is comprised of three key
components: masking scheme, generator and objective. Experimental results
demonstrate that this architecture is capable of bringing variations to
generated images in a controllable manner and is reasonably robust to different
masks.
","0","AI: Codex (2026-09-24; title/abstract review)","Performs image-domain translation rather than translation between human languages."
"Q04","machine translation","Find computational methods for translating text between human languages; exclude geometric translation.","http://arxiv.org/abs/1906.00532v2","Efficient 8-Bit Quantization of Transformer Neural Machine Language
  Translation Model","Aishwarya Bhandare, Vamsi Sripathi, Deepthi Karkada, Vivek Menon, Sun Choi, Kushal Datta, Vikram Saletore","  In this work, we quantize a trained Transformer machine language translation
model leveraging INT8/VNNI instructions in the latest Intel$^\circledR$
Xeon$^\circledR$ Cascade Lake processors to improve inference performance while
maintaining less than 0.5$\%$ drop in accuracy. To the best of our knowledge,
this is the first attempt in the industry to quantize the Transformer model.
This has high impact as it clearly demonstrates the various complexities of
quantizing the language translation model. We present novel quantization
techniques directly in TensorFlow to opportunistically replace 32-bit floating
point (FP32) computations with 8-bit integers (INT8) and transform the FP32
computational graph. We also present a bin-packing parallel batching technique
to maximize CPU utilization. Overall, our optimizations with INT8/VNNI deliver
1.5X improvement over the best FP32 performance. Furthermore, it reveals the
opportunities and challenges to boost performance of quantized deep learning
inference and establishes best practices to run inference with high efficiency
on Intel CPUs.
","2","AI: Codex (2026-09-24; title/abstract review)","Optimizes Transformer machine-translation inference using quantization and batching."
"Q04","machine translation","Find computational methods for translating text between human languages; exclude geometric translation.","http://arxiv.org/abs/1304.7158v1","Irreflexive and Hierarchical Relations as Translations","Antoine Bordes, Nicolas Usunier, Alberto Garcia-Duran, Jason Weston, Oksana Yakhnenko","  We consider the problem of embedding entities and relations of knowledge
bases in low-dimensional vector spaces. Unlike most existing approaches, which
are primarily efficient for modeling equivalence relations, our approach is
designed to explicitly model irreflexive relations, such as hierarchies, by
interpreting them as translations operating on the low-dimensional embeddings
of the entities. Preliminary experiments show that, despite its simplicity and
a smaller number of parameters than previous approaches, our approach achieves
state-of-the-art performance according to standard evaluation protocols on data
from WordNet and Freebase.
","0","AI: Codex (2026-09-24; title/abstract review)","Represents knowledge-base relations as vector translations, not language translation."
"Q04","machine translation","Find computational methods for translating text between human languages; exclude geometric translation.","http://arxiv.org/abs/cond-mat/0601548v1","Variational path-integral treatment of a translation invariant
  many-polaron system","F. Brosens, S. N. Klimin, J. T. Devreese","  A translation invariant N-polaron system is investigated at arbitrary
electron-phonon coupling strength, using a variational principle for path
integrals for identical particles. An upper bound for the ground state energy
is found as a function of the number of spin up and spin down polarons, taking
the electron-electron interaction and the Fermi statistics into account. The
resulting addition energies and the criteria for multipolaron formation are
discussed.
","0","AI: Codex (2026-09-24; title/abstract review)","Translation invariance concerns a physical many-polaron system."
"Q05","graph neural networks","Find neural methods that operate on graph-structured data; exclude graph theory without neural modeling.","http://arxiv.org/abs/2110.09039v1","Capsule Graph Neural Networks with EM Routing","Yu Lei, Jing Zhang","  To effectively classify graph instances, graph neural networks need to have
the capability to capture the part-whole relationship existing in a graph. A
capsule is a group of neurons representing complicated properties of entities,
which has shown its advantages in traditional convolutional neural networks.
This paper proposed novel Capsule Graph Neural Networks that use the EM routing
mechanism (CapsGNNEM) to generate high-quality graph embeddings. Experimental
results on a number of real-world graph datasets demonstrate that the proposed
CapsGNNEM outperforms nine state-of-the-art models in graph classification
tasks.
","2","AI: Codex (2026-09-24; title/abstract review)","Proposes capsule graph neural networks and EM routing for graph classification."
"Q05","graph neural networks","Find neural methods that operate on graph-structured data; exclude graph theory without neural modeling.","http://arxiv.org/abs/2110.08614v2","Deep Learning and Spectral Embedding for Graph Partitioning","Alice Gatti, Zhixiong Hu, Tess Smidt, Esmond G. Ng, Pieter Ghysels","  We present a graph bisection and partitioning algorithm based on graph neural
networks. For each node in the graph, the network outputs probabilities for
each of the partitions. The graph neural network consists of two modules: an
embedding phase and a partitioning phase. The embedding phase is trained first
by minimizing a loss function inspired by spectral graph theory. The
partitioning module is trained through a loss function that corresponds to the
expected value of the normalized cut. Both parts of the neural network rely on
SAGE convolutional layers and graph coarsening using heavy edge matching. The
multilevel structure of the neural network is inspired by the multigrid
algorithm. Our approach generalizes very well to bigger graphs and has
partition quality comparable to METIS, Scotch and spectral partitioning, with
shorter runtime compared to METIS and spectral partitioning.
","2","AI: Codex (2026-09-24; title/abstract review)","Develops graph-network embeddings and partitioning modules for graph bisection."
"Q05","graph neural networks","Find neural methods that operate on graph-structured data; exclude graph theory without neural modeling.","http://arxiv.org/abs/2012.13085v2","Semi-Supervised Node Classification on Graphs: Markov Random Fields vs.
  Graph Neural Networks","Binghui Wang, Jinyuan Jia, Neil Zhenqiang Gong","  Semi-supervised node classification on graph-structured data has many
applications such as fraud detection, fake account and review detection, user's
private attribute inference in social networks, and community detection.
Various methods such as pairwise Markov Random Fields (pMRF) and graph neural
networks were developed for semi-supervised node classification. pMRF is more
efficient than graph neural networks. However, existing pMRF-based methods are
less accurate than graph neural networks, due to a key limitation that they
assume a heuristics-based constant edge potential for all edges. In this work,
we aim to address the key limitation of existing pMRF-based methods. In
particular, we propose to learn edge potentials for pMRF. Our evaluation
results on various types of graph datasets show that our optimized pMRF-based
method consistently outperforms existing graph neural networks in terms of both
accuracy and efficiency. Our results highlight that previous work may have
underestimated the power of pMRF for semi-supervised node classification.
","1","AI: Codex (2026-09-24; title/abstract review)","Proposes a non-neural Markov random field alternative and compares it with graph neural networks."
"Q05","graph neural networks","Find neural methods that operate on graph-structured data; exclude graph theory without neural modeling.","http://arxiv.org/abs/2209.07754v2","On the Robustness of Graph Neural Diffusion to Topology Perturbations","Yang Song, Qiyu Kang, Sijie Wang, Zhao Kai, Wee Peng Tay","  Neural diffusion on graphs is a novel class of graph neural networks that has
attracted increasing attention recently. The capability of graph neural partial
differential equations (PDEs) in addressing common hurdles of graph neural
networks (GNNs), such as the problems of over-smoothing and bottlenecks, has
been investigated but not their robustness to adversarial attacks. In this
work, we explore the robustness properties of graph neural PDEs. We empirically
demonstrate that graph neural PDEs are intrinsically more robust against
topology perturbation as compared to other GNNs. We provide insights into this
phenomenon by exploiting the stability of the heat semigroup under graph
topology perturbations. We discuss various graph diffusion operators and relate
them to existing graph neural PDEs. Furthermore, we propose a general graph
neural PDE framework based on which a new class of robust GNNs can be defined.
We verify that the new model achieves comparable state-of-the-art performance
on several benchmark datasets.
","2","AI: Codex (2026-09-24; title/abstract review)","Studies robustness of graph neural diffusion and proposes a graph neural PDE framework."
"Q05","graph neural networks","Find neural methods that operate on graph-structured data; exclude graph theory without neural modeling.","http://arxiv.org/abs/2010.13747v2","On the Stability of Graph Convolutional Neural Networks under Edge
  Rewiring","Henry Kenlay, Dorina Thanou, Xiaowen Dong","  Graph neural networks are experiencing a surge of popularity within the
machine learning community due to their ability to adapt to non-Euclidean
domains and instil inductive biases. Despite this, their stability, i.e., their
robustness to small perturbations in the input, is not yet well understood.
Although there exists some results showing the stability of graph neural
networks, most take the form of an upper bound on the magnitude of change due
to a perturbation in the graph topology. However, the change in the graph
topology captured in existing bounds tend not to be expressed in terms of
structural properties, limiting our understanding of the model robustness
properties. In this work, we develop an interpretable upper bound elucidating
that graph neural networks are stable to rewiring between high degree nodes.
This bound and further research in bounds of similar type provide further
understanding of the stability properties of graph neural networks.
","2","AI: Codex (2026-09-24; title/abstract review)","Derives structural stability bounds for graph convolutional networks under edge rewiring."
"Q05","graph neural networks","Find neural methods that operate on graph-structured data; exclude graph theory without neural modeling.","http://arxiv.org/abs/2103.01710v3","Autobahn: Automorphism-based Graph Neural Nets","Erik Henning Thiede, Wenda Zhou, Risi Kondor","  We introduce Automorphism-based graph neural networks (Autobahn), a new
family of graph neural networks. In an Autobahn, we decompose the graph into a
collection of subgraphs and apply local convolutions that are equivariant to
each subgraph's automorphism group. Specific choices of local neighborhoods and
subgraphs recover existing architectures such as message passing neural
networks. Our formalism also encompasses novel architectures: as an example, we
introduce a graph neural network that decomposes the graph into paths and
cycles. The resulting convolutions reflect the natural way that parts of the
graph can transform, preserving the intuitive meaning of convolution without
sacrificing global permutation equivariance. We validate our approach by
applying Autobahn to molecular graphs, where it achieves results competitive
with state-of-the-art message passing algorithms.
","2","AI: Codex (2026-09-24; title/abstract review)","Introduces automorphism-equivariant neural convolutions on graph substructures."
"Q05","graph neural networks","Find neural methods that operate on graph-structured data; exclude graph theory without neural modeling.","http://arxiv.org/abs/2012.08752v4","Graph Neural Networks: Taxonomy, Advances and Trends","Yu Zhou, Haixia Zheng, Xin Huang, Shufeng Hao, Dengao Li, Jumin Zhao","  Graph neural networks provide a powerful toolkit for embedding real-world
graphs into low-dimensional spaces according to specific tasks. Up to now,
there have been several surveys on this topic. However, they usually lay
emphasis on different angles so that the readers can not see a panorama of the
graph neural networks. This survey aims to overcome this limitation, and
provide a comprehensive review on the graph neural networks. First of all, we
provide a novel taxonomy for the graph neural networks, and then refer to up to
400 relevant literatures to show the panorama of the graph neural networks. All
of them are classified into the corresponding categories. In order to drive the
graph neural networks into a new stage, we summarize four future research
directions so as to overcome the facing challenges. It is expected that more
and more scholars can understand and exploit the graph neural networks, and use
them in their research community.
","2","AI: Codex (2026-09-24; title/abstract review)","Provides a comprehensive taxonomy and survey of graph neural methods."
"Q05","graph neural networks","Find neural methods that operate on graph-structured data; exclude graph theory without neural modeling.","http://arxiv.org/abs/2104.13492v2","An Energy-Based View of Graph Neural Networks","John Y. Shin, Prathamesh Dharangutte","  Graph neural networks are a popular variant of neural networks that work with
graph-structured data. In this work, we consider combining graph neural
networks with the energy-based view of Grathwohl et al. (2019) with the aim of
obtaining a more robust classifier. We successfully implement this framework by
proposing a novel method to ensure generation over features as well as the
adjacency matrix and evaluate our method against the standard graph
convolutional network (GCN) architecture (Kipf & Welling (2016)). Our approach
obtains comparable discriminative performance while improving robustness,
opening promising new directions for future research for energy-based graph
neural networks.
","2","AI: Codex (2026-09-24; title/abstract review)","Combines energy-based modeling and graph neural networks for robust classification."
"Q05","graph neural networks","Find neural methods that operate on graph-structured data; exclude graph theory without neural modeling.","http://arxiv.org/abs/2102.12557v1","Benchmarking Graph Neural Networks on Link Prediction","Xing Wang, Alexander Vinel","  In this paper, we benchmark several existing graph neural network (GNN)
models on different datasets for link predictions. In particular, the graph
convolutional network (GCN), GraphSAGE, graph attention network (GAT) as well
as variational graph auto-encoder (VGAE) are implemented dedicated to link
prediction tasks, in-depth analysis are performed, and results from several
different papers are replicated, also a more fair and systematic comparison are
provided. Our experiments show these GNN architectures perform similarly on
various benchmarks for link prediction tasks.
","2","AI: Codex (2026-09-24; title/abstract review)","Implements and compares GNN architectures for graph link prediction."
"Q05","graph neural networks","Find neural methods that operate on graph-structured data; exclude graph theory without neural modeling.","http://arxiv.org/abs/2108.05947v1","Room Classification on Floor Plan Graphs using Graph Neural Networks","Abhishek Paudel, Roshan Dhakal, Sakshat Bhattarai","  We present our approach to improve room classification task on floor plan
maps of buildings by representing floor plans as undirected graphs and
leveraging graph neural networks to predict the room categories. Rooms in the
floor plans are represented as nodes in the graph with edges representing their
adjacency in the map. We experiment with House-GAN dataset that consists of
floor plan maps in vector format and train multilayer perceptron and graph
neural networks. Our results show that graph neural networks, specifically
GraphSAGE and Topology Adaptive GCN were able to achieve accuracy of 80% and
81% respectively outperforming baseline multilayer perceptron by more than 15%
margin.
","2","AI: Codex (2026-09-24; title/abstract review)","Applies GraphSAGE and topology-adaptive graph convolutions to floor-plan graphs."
"Q05","graph neural networks","Find neural methods that operate on graph-structured data; exclude graph theory without neural modeling.","http://arxiv.org/abs/2101.05519v2","BiGCN: A Bi-directional Low-Pass Filtering Graph Neural Network","Zhixian Chen, Tengfei Ma, Zhihua Jin, Yangqiu Song, Yang Wang","  Graph convolutional networks (GCNs) have achieved great success on
graph-structured data. Many graph convolutional networks can be thought of as
low-pass filters for graph signals. In this paper, we propose a more powerful
graph convolutional network, named BiGCN, that extends to bidirectional
filtering. Specifically, we not only consider the original graph structure
information but also the latent correlation between features, thus BiGCN can
filter the signals along with both the original graph and a latent
feature-connection graph. Compared with most existing GCNs, BiGCN is more
robust and has powerful capacities for feature denoising. We perform node
classification and link prediction in citation networks and co-purchase
networks with three settings: noise-rate, noise-level and structure-mistakes.
Extensive experimental results demonstrate that our model outperforms the
state-of-the-art graph neural networks in both clean and artificially noisy
data.
","2","AI: Codex (2026-09-24; title/abstract review)","Introduces bidirectional graph filtering using topology and feature relationships."
"Q05","graph neural networks","Find neural methods that operate on graph-structured data; exclude graph theory without neural modeling.","http://arxiv.org/abs/2106.11430v1","ConvDySAT: Deep Neural Representation Learning on Dynamic Graphs via
  Self-Attention and Convolutional Neural Networks","Ahmad Hafez, Atulya Praphul, Yousef Jaradt, Ezani Godwin","  Learning node representations on temporal graphs is a fundamental step to
learn real-word dynamic graphs efficiently. Real-world graphs have the nature
of continuously evolving over time, such as changing edges weights, removing
and adding nodes and appearing and disappearing of edges, while previous graph
representation learning methods focused generally on static graphs. We present
ConvDySAT as an enhancement of DySAT, one of the state-of-the-art dynamic
methods, by augmenting convolution neural networks with the self-attention
mechanism, the employed method in DySAT to express the structural and temporal
evolution. We conducted single-step link prediction on a communication network
and rating network, Experimental results show significant performance gains for
ConvDySAT over various state-of-the-art methods.
","2","AI: Codex (2026-09-24; title/abstract review)","Combines self-attention and convolutions for learning dynamic graph representations."
"Q05","graph neural networks","Find neural methods that operate on graph-structured data; exclude graph theory without neural modeling.","http://arxiv.org/abs/2105.01755v1","Reinforcement Learning for Scalable Logic Optimization with Graph Neural
  Networks","Xavier Timoneda, Lukas Cavigelli","  Logic optimization is an NP-hard problem commonly approached through
hand-engineered heuristics. We propose to combine graph convolutional networks
with reinforcement learning and a novel, scalable node embedding method to
learn which local transforms should be applied to the logic graph. We show that
this method achieves a similar size reduction as ABC on smaller circuits and
outperforms it by 1.5-1.75x on larger random graphs.
","2","AI: Codex (2026-09-24; title/abstract review)","Uses graph convolutional embeddings and reinforcement learning on logic graphs."
"Q05","graph neural networks","Find neural methods that operate on graph-structured data; exclude graph theory without neural modeling.","http://arxiv.org/abs/2205.15555v1","Graph-level Neural Networks: Current Progress and Future Directions","Ge Zhang, Jia Wu, Jian Yang, Shan Xue, Wenbin Hu, Chuan Zhou, Hao Peng, Quan Z. Sheng, Charu Aggarwal","  Graph-structured data consisting of objects (i.e., nodes) and relationships
among objects (i.e., edges) are ubiquitous. Graph-level learning is a matter of
studying a collection of graphs instead of a single graph. Traditional
graph-level learning methods used to be the mainstream. However, with the
increasing scale and complexity of graphs, Graph-level Neural Networks (GLNNs,
deep learning-based graph-level learning methods) have been attractive due to
their superiority in modeling high-dimensional data. Thus, a survey on GLNNs is
necessary. To frame this survey, we propose a systematic taxonomy covering
GLNNs upon deep neural networks, graph neural networks, and graph pooling. The
representative and state-of-the-art models in each category are focused on this
survey. We also investigate the reproducibility, benchmarks, and new graph
datasets of GLNNs. Finally, we conclude future directions to further push
forward GLNNs. The repository of this survey is available at
https://github.com/GeZhangMQ/Awesome-Graph-level-Neural-Networks.
","2","AI: Codex (2026-09-24; title/abstract review)","Surveys neural methods for learning representations of entire graphs."
"Q06","reinforcement learning","Find methods for learning sequential decisions from rewards or interaction; exclude supervised learning without reinforcement.","http://arxiv.org/abs/1302.2550v1","Online Regret Bounds for Undiscounted Continuous Reinforcement Learning","Ronald Ortner, Daniil Ryabko","  We derive sublinear regret bounds for undiscounted reinforcement learning in
continuous state space. The proposed algorithm combines state aggregation with
the use of upper confidence bounds for implementing optimism in the face of
uncertainty. Beside the existence of an optimal policy which satisfies the
Poisson equation, the only assumptions made are Holder continuity of rewards
and transition probabilities.
","2","AI: Codex (2026-09-24; title/abstract review)","Develops a reinforcement-learning algorithm with regret bounds in continuous state spaces."
"Q06","reinforcement learning","Find methods for learning sequential decisions from rewards or interaction; exclude supervised learning without reinforcement.","http://arxiv.org/abs/2204.11897v2","Reinforcement Teaching","Alex Lewandowski, Calarina Muslimani, Dale Schuurmans, Matthew E. Taylor, Jun Luo","  Meta-learning strives to learn about and improve a student's machine learning
algorithm. However, existing meta-learning methods either only work with
differentiable algorithms or are hand-crafted to improve one specific component
of an algorithm. We develop a unifying meta-learning framework, called
Reinforcement Teaching, to improve the learning process of any algorithm. Under
Reinforcement Teaching, a teaching policy is learned, through reinforcement, to
improve a student's learning. To effectively learn such a teaching policy, we
introduce a parametric-behavior embedder that learns a representation of the
student's learnable parameters from its input/output behavior. Further, we use
learning progress to shape the teacher's reward, allowing it to more quickly
maximize the student's performance. To demonstrate the generality of
Reinforcement Teaching, we conduct experiments where a teacher learns to
significantly improve both reinforcement and supervised learning algorithms,
outperforming hand-crafted heuristics and previously proposed parameter
representations. Results show that Reinforcement Teaching is capable of not
only unifying different meta-learning approaches, but also effectively
leveraging existing tools from reinforcement learning research.
","2","AI: Codex (2026-09-24; title/abstract review)","Learns teaching policies through reinforcement and learning-progress rewards."
"Q06","reinforcement learning","Find methods for learning sequential decisions from rewards or interaction; exclude supervised learning without reinforcement.","http://arxiv.org/abs/1611.01457v4","Multi-task learning with deep model based reinforcement learning","Asier Mujika","  In recent years, model-free methods that use deep learning have achieved
great success in many different reinforcement learning environments. Most
successful approaches focus on solving a single task, while multi-task
reinforcement learning remains an open problem. In this paper, we present a
model based approach to deep reinforcement learning which we use to solve
different tasks simultaneously. We show that our approach not only does not
degrade but actually benefits from learning multiple tasks. For our model, we
also present a new kind of recurrent neural network inspired by residual
networks that decouples memory from computation allowing to model complex
environments that do not require lots of memory.
","2","AI: Codex (2026-09-24; title/abstract review)","Proposes model-based reinforcement learning for multiple simultaneous tasks."
"Q06","reinforcement learning","Find methods for learning sequential decisions from rewards or interaction; exclude supervised learning without reinforcement.","http://arxiv.org/abs/2206.10442v1","Robust Task Representations for Offline Meta-Reinforcement Learning via
  Contrastive Learning","Haoqi Yuan, Zongqing Lu","  We study offline meta-reinforcement learning, a practical reinforcement
learning paradigm that learns from offline data to adapt to new tasks. The
distribution of offline data is determined jointly by the behavior policy and
the task. Existing offline meta-reinforcement learning algorithms cannot
distinguish these factors, making task representations unstable to the change
of behavior policies. To address this problem, we propose a contrastive
learning framework for task representations that are robust to the distribution
mismatch of behavior policies in training and test. We design a bi-level
encoder structure, use mutual information maximization to formalize task
representation learning, derive a contrastive learning objective, and introduce
several approaches to approximate the true distribution of negative pairs.
Experiments on a variety of offline meta-reinforcement learning benchmarks
demonstrate the advantages of our method over prior methods, especially on the
generalization to out-of-distribution behavior policies. The code is available
at https://github.com/PKU-AI-Edge/CORRO.
","2","AI: Codex (2026-09-24; title/abstract review)","Develops robust task representations for offline meta-reinforcement learning."
"Q06","reinforcement learning","Find methods for learning sequential decisions from rewards or interaction; exclude supervised learning without reinforcement.","http://arxiv.org/abs/2106.01516v1","Hyperbolically-Discounted Reinforcement Learning on Reward-Punishment
  Framework","Taisuke Kobayashi","  This paper proposes a new reinforcement learning with hyperbolic discounting.
Combining a new temporal difference error with the hyperbolic discounting in
recursive manner and reward-punishment framework, a new scheme to learn the
optimal policy is derived. In simulations, it is found that the proposal
outperforms the standard reinforcement learning, although the performance
depends on the design of reward and punishment. In addition, the averages of
discount factors w.r.t. reward and punishment are different from each other,
like a sign effect in animal behaviors.
","2","AI: Codex (2026-09-24; title/abstract review)","Derives policy learning using hyperbolic discounting and a reward-punishment framework."
"Q06","reinforcement learning","Find methods for learning sequential decisions from rewards or interaction; exclude supervised learning without reinforcement.","http://arxiv.org/abs/2108.06849v1","Introduction to Quantum Reinforcement Learning: Theory and
  PennyLane-based Implementation","Yunseok Kwak, Won Joon Yun, Soyi Jung, Jong-Kook Kim, Joongheon Kim","  The emergence of quantum computing enables for researchers to apply quantum
circuit on many existing studies. Utilizing quantum circuit and quantum
differential programming, many research are conducted such as \textit{Quantum
Machine Learning} (QML). In particular, quantum reinforcement learning is a
good field to test the possibility of quantum machine learning, and a lot of
research is being done. This work will introduce the concept of quantum
reinforcement learning using a variational quantum circuit, and confirm its
possibility through implementation and experimentation. We will first present
the background knowledge and working principle of quantum reinforcement
learning, and then guide the implementation method using the PennyLane library.
We will also discuss the power and possibility of quantum reinforcement
learning from the experimental results obtained through this work.
","2","AI: Codex (2026-09-24; title/abstract review)","Explains and implements reinforcement learning using variational quantum circuits."
"Q06","reinforcement learning","Find methods for learning sequential decisions from rewards or interaction; exclude supervised learning without reinforcement.","http://arxiv.org/abs/2201.03947v1","Active Reinforcement Learning -- A Roadmap Towards Curious Classifier
  Systems for Self-Adaptation","Simon Reichhuber, Sven Tomforde","  Intelligent systems have the ability to improve their behaviour over time
taking observations, experiences or explicit feedback into account. Traditional
approaches separate the learning problem and make isolated use of techniques
from different field of machine learning such as reinforcement learning, active
learning, anomaly detection or transfer learning, for instance. In this
context, the fundamental reinforcement learning approaches come with several
drawbacks that hinder their application to real-world systems: trial-and-error,
purely reactive behaviour or isolated problem handling. The idea of this
article is to present a concept for alleviating these drawbacks by setting up a
research agenda towards what we call ""active reinforcement learning"" in
intelligent systems.
","2","AI: Codex (2026-09-24; title/abstract review)","Proposes a research framework combining active learning and reinforcement for adaptive behavior."
"Q06","reinforcement learning","Find methods for learning sequential decisions from rewards or interaction; exclude supervised learning without reinforcement.","http://arxiv.org/abs/2110.11872v1","Patient level simulation and reinforcement learning to discover novel
  strategies for treating ovarian cancer","Brian Murphy, Mustafa Nasir-Moin, Grace von Oiste, Viola Chen, Howard A Riina, Douglas Kondziolka, Eric K Oermann","  The prognosis for patients with epithelial ovarian cancer remains dismal
despite improvements in survival for other cancers. Treatment involves multiple
lines of chemotherapy and becomes increasingly heterogeneous after first-line
therapy. Reinforcement learning with real-world outcomes data has the potential
to identify novel treatment strategies to improve overall survival. We design a
reinforcement learning environment to model epithelial ovarian cancer treatment
trajectories and use model free reinforcement learning to investigate
therapeutic regimens for simulated patients.
","2","AI: Codex (2026-09-24; title/abstract review)","Models treatment trajectories and learns sequential policies with model-free reinforcement learning."
"Q06","reinforcement learning","Find methods for learning sequential decisions from rewards or interaction; exclude supervised learning without reinforcement.","http://arxiv.org/abs/1709.09346v2","Cold-Start Reinforcement Learning with Softmax Policy Gradient","Nan Ding, Radu Soricut","  Policy-gradient approaches to reinforcement learning have two common and
undesirable overhead procedures, namely warm-start training and sample variance
reduction. In this paper, we describe a reinforcement learning method based on
a softmax value function that requires neither of these procedures. Our method
combines the advantages of policy-gradient methods with the efficiency and
simplicity of maximum-likelihood approaches. We apply this new cold-start
reinforcement learning method in training sequence generation models for
structured output prediction problems. Empirical evidence validates this method
on automatic summarization and image captioning tasks.
","2","AI: Codex (2026-09-24; title/abstract review)","Introduces a reinforcement-learning method using softmax policy gradients for sequence generation."
"Q06","reinforcement learning","Find methods for learning sequential decisions from rewards or interaction; exclude supervised learning without reinforcement.","http://arxiv.org/abs/1712.04101v1","Deep Reinforcement Learning Boosted by External Knowledge","Nicolas Bougie, Ryutaro Ichise","  Recent improvements in deep reinforcement learning have allowed to solve
problems in many 2D domains such as Atari games. However, in complex 3D
environments, numerous learning episodes are required which may be too time
consuming or even impossible especially in real-world scenarios. We present a
new architecture to combine external knowledge and deep reinforcement learning
using only visual input. A key concept of our system is augmenting image input
by adding environment feature information and combining two sources of
decision. We evaluate the performances of our method in a 3D
partially-observable environment from the Microsoft Malmo platform.
Experimental evaluation exhibits higher performance and faster learning
compared to a single reinforcement learning model.
","2","AI: Codex (2026-09-24; title/abstract review)","Combines external knowledge and deep reinforcement learning for visual decision making."
"Q06","reinforcement learning","Find methods for learning sequential decisions from rewards or interaction; exclude supervised learning without reinforcement.","http://arxiv.org/abs/1605.09221v1","Deep Reinforcement Learning Radio Control and Signal Detection with
  KeRLym, a Gym RL Agent","Timothy J. O'Shea, T. Charles Clancy","  This paper presents research in progress investigating the viability and
adaptation of reinforcement learning using deep neural network based function
approximation for the task of radio control and signal detection in the
wireless domain. We demonstrate a successful initial method for radio control
which allows naive learning of search without the need for expert features,
heuristics, or search strategies. We also introduce Kerlym, an open Keras based
reinforcement learning agent collection for OpenAI's Gym.
","2","AI: Codex (2026-09-24; title/abstract review)","Develops a reinforcement-learning agent for radio control and signal search."
"Q06","reinforcement learning","Find methods for learning sequential decisions from rewards or interaction; exclude supervised learning without reinforcement.","http://arxiv.org/abs/2011.13577v1","A survey of benchmarking frameworks for reinforcement learning","Belinda Stapelberg, Katherine M. Malan","  Reinforcement learning has recently experienced increased prominence in the
machine learning community. There are many approaches to solving reinforcement
learning problems with new techniques developed constantly. When solving
problems using reinforcement learning, there are various difficult challenges
to overcome. To ensure progress in the field, benchmarks are important for
testing new algorithms and comparing with other approaches. The reproducibility
of results for fair comparison is therefore vital in ensuring that improvements
are accurately judged. This paper provides an overview of different
contributions to reinforcement learning benchmarking and discusses how they can
assist researchers to address the challenges facing reinforcement learning. The
contributions discussed are the most used and recent in the literature. The
paper discusses the contributions in terms of implementation, tasks and
provided algorithm implementations with benchmarks. The survey aims to bring
attention to the wide range of reinforcement learning benchmarking tasks
available and to encourage research to take place in a standardised manner.
Additionally, this survey acts as an overview for researchers not familiar with
the different tasks that can be used to develop and test new reinforcement
learning algorithms.
","1","AI: Codex (2026-09-24; title/abstract review)","Surveys environments and benchmarking infrastructure for evaluating RL methods rather than a new learning method."
"Q06","reinforcement learning","Find methods for learning sequential decisions from rewards or interaction; exclude supervised learning without reinforcement.","http://arxiv.org/abs/1710.11248v2","Learning Robust Rewards with Adversarial Inverse Reinforcement Learning","Justin Fu, Katie Luo, Sergey Levine","  Reinforcement learning provides a powerful and general framework for decision
making and control, but its application in practice is often hindered by the
need for extensive feature and reward engineering. Deep reinforcement learning
methods can remove the need for explicit engineering of policy or value
features, but still require a manually specified reward function. Inverse
reinforcement learning holds the promise of automatic reward acquisition, but
has proven exceptionally difficult to apply to large, high-dimensional problems
with unknown dynamics. In this work, we propose adverserial inverse
reinforcement learning (AIRL), a practical and scalable inverse reinforcement
learning algorithm based on an adversarial reward learning formulation. We
demonstrate that AIRL is able to recover reward functions that are robust to
changes in dynamics, enabling us to learn policies even under significant
variation in the environment seen during training. Our experiments show that
AIRL greatly outperforms prior methods in these transfer settings.
","2","AI: Codex (2026-09-24; title/abstract review)","Learns transferable reward functions using adversarial inverse reinforcement learning."
"Q07","image classification","Find methods that assign semantic classes to images; detection-only work is partial if useful to classification.","http://arxiv.org/abs/2206.02098v1","Search Space Adaptation for Differentiable Neural Architecture Search in
  Image Classification","Youngkee Kim, Soyi Jung, Minseok Choi, Joongheon Kim","  As deep neural networks achieve unprecedented performance in various tasks,
neural architecture search (NAS), a research field for designing neural network
architectures with automated processes, is actively underway. More recently,
differentiable NAS has a great impact by reducing the search cost to the level
of training a single network. Besides, the search space that defines candidate
architectures to be searched directly affects the performance of the final
architecture. In this paper, we propose an adaptation scheme of the search
space by introducing a search scope. The effectiveness of proposed method is
demonstrated with ProxylessNAS for the image classification task. Furthermore,
we visualize the trajectory of architecture parameter updates and provide
insights to improve the architecture search.
","2","AI: Codex (2026-09-24; title/abstract review)","Adapts differentiable architecture search to improve image classification models."
"Q07","image classification","Find methods that assign semantic classes to images; detection-only work is partial if useful to classification.","http://arxiv.org/abs/2109.00707v1","Cross-Model Consensus of Explanations and Beyond for Image
  Classification Models: An Empirical Study","Xuhong Li, Haoyi Xiong, Siyu Huang, Shilei Ji, Dejing Dou","  Existing interpretation algorithms have found that, even deep models make the
same and right predictions on the same image, they might rely on different sets
of input features for classification. However, among these sets of features,
some common features might be used by the majority of models. In this paper, we
are wondering what are the common features used by various models for
classification and whether the models with better performance may favor those
common features. For this purpose, our works uses an interpretation algorithm
to attribute the importance of features (e.g., pixels or superpixels) as
explanations, and proposes the cross-model consensus of explanations to capture
the common features. Specifically, we first prepare a set of deep models as a
committee, then deduce the explanation for every model, and obtain the
consensus of explanations across the entire committee through voting. With the
cross-model consensus of explanations, we conduct extensive experiments using
80+ models on 5 datasets/tasks. We find three interesting phenomena as follows:
(1) the consensus obtained from image classification models is aligned with the
ground truth of semantic segmentation; (2) we measure the similarity of the
explanation result of each model in the committee to the consensus (namely
consensus score), and find positive correlations between the consensus score
and model performance; and (3) the consensus score coincidentally correlates to
the interpretability.
","1","AI: Codex (2026-09-24; title/abstract review)","Explains and compares features used by image classifiers rather than assigning image classes with a new method."
"Q07","image classification","Find methods that assign semantic classes to images; detection-only work is partial if useful to classification.","http://arxiv.org/abs/1703.09844v5","Multi-Scale Dense Networks for Resource Efficient Image Classification","Gao Huang, Danlu Chen, Tianhong Li, Felix Wu, Laurens van der Maaten, Kilian Q. Weinberger","  In this paper we investigate image classification with computational resource
limits at test time. Two such settings are: 1. anytime classification, where
the network's prediction for a test example is progressively updated,
facilitating the output of a prediction at any time; and 2. budgeted batch
classification, where a fixed amount of computation is available to classify a
set of examples that can be spent unevenly across ""easier"" and ""harder"" inputs.
In contrast to most prior work, such as the popular Viola and Jones algorithm,
our approach is based on convolutional neural networks. We train multiple
classifiers with varying resource demands, which we adaptively apply during
test time. To maximally re-use computation between the classifiers, we
incorporate them as early-exits into a single deep convolutional neural network
and inter-connect them with dense connectivity. To facilitate high quality
classification early on, we use a two-dimensional multi-scale network
architecture that maintains coarse and fine level features all-throughout the
network. Experiments on three image-classification tasks demonstrate that our
framework substantially improves the existing state-of-the-art in both
settings.
","2","AI: Codex (2026-09-24; title/abstract review)","Develops adaptive early-exit multiscale networks for resource-limited image classification."
"Q07","image classification","Find methods that assign semantic classes to images; detection-only work is partial if useful to classification.","http://arxiv.org/abs/2011.08704v2","Redesigning the classification layer by randomizing the class
  representation vectors","Gabi Shalev, Gal-Lev Shalev, Joseph Keshet","  Neural image classification models typically consist of two components. The
first is an image encoder, which is responsible for encoding a given raw image
into a representative vector. The second is the classification component, which
is often implemented by projecting the representative vector onto target class
vectors. The target class vectors, along with the rest of the model parameters,
are estimated so as to minimize the loss function. In this paper, we analyze
how simple design choices for the classification layer affect the learning
dynamics. We show that the standard cross-entropy training implicitly captures
visual similarities between different classes, which might deteriorate accuracy
or even prevents some models from converging. We propose to draw the class
vectors randomly and set them as fixed during training, thus invalidating the
visual similarities encoded in these vectors. We analyze the effects of keeping
the class vectors fixed and show that it can increase the inter-class
separability, intra-class compactness, and the overall model accuracy, while
maintaining the robustness to image corruptions and the generalization of the
learned concepts.
","2","AI: Codex (2026-09-24; title/abstract review)","Redesigns classification-layer targets to improve image class separation and accuracy."
"Q07","image classification","Find methods that assign semantic classes to images; detection-only work is partial if useful to classification.","http://arxiv.org/abs/2108.08875v2","Comparing concepts of quantum and classical neural network models for
  image classification task","Rafal Potempa, Sebastian Porebski","  While quantum architectures are still under development, when available, they
will only be able to process quantum data when machine learning algorithms can
only process numerical data. Therefore, in the issues of classification or
regression, it is necessary to simulate and study quantum systems that will
transfer the numerical input data to a quantum form and enable quantum
computers to use the available methods of machine learning. This material
includes the results of experiments on training and performance of a hybrid
quantum-classical neural network developed for the problem of classification of
handwritten digits from the MNIST data set. The comparative results of two
models: classical and quantum neural networks of a similar number of training
parameters, indicate that the quantum network, although its simulation is
time-consuming, overcomes the classical network (it has better convergence and
achieves higher training and testing accuracy).
","2","AI: Codex (2026-09-24; title/abstract review)","Develops and compares quantum-classical models for handwritten image classification."
"Q07","image classification","Find methods that assign semantic classes to images; detection-only work is partial if useful to classification.","http://arxiv.org/abs/2106.01440v2","Memory Wrap: a Data-Efficient and Interpretable Extension to Image
  Classification Models","Biagio La Rosa, Roberto Capobianco, Daniele Nardi","  Due to their black-box and data-hungry nature, deep learning techniques are
not yet widely adopted for real-world applications in critical domains, like
healthcare and justice. This paper presents Memory Wrap, a plug-and-play
extension to any image classification model. Memory Wrap improves both
data-efficiency and model interpretability, adopting a content-attention
mechanism between the input and some memories of past training samples. We show
that Memory Wrap outperforms standard classifiers when it learns from a limited
set of data, and it reaches comparable performance when it learns from the full
dataset. We discuss how its structure and content-attention mechanisms make
predictions interpretable, compared to standard classifiers. To this end, we
both show a method to build explanations by examples and counterfactuals, based
on the memory content, and how to exploit them to get insights about its
decision process. We test our approach on image classification tasks using
several architectures on three different datasets, namely CIFAR10, SVHN, and
CINIC10.
","2","AI: Codex (2026-09-24; title/abstract review)","Adds content-attention memory to improve image classifier data efficiency and interpretability."
"Q07","image classification","Find methods that assign semantic classes to images; detection-only work is partial if useful to classification.","http://arxiv.org/abs/2111.15518v2","Detecting Adversaries, yet Faltering to Noise? Leveraging Conditional
  Variational AutoEncoders for Adversary Detection in the Presence of Noisy
  Images","Dvij Kalaria, Aritra Hazra, Partha Pratim Chakrabarti","  With the rapid advancement and increased use of deep learning models in image
identification, security becomes a major concern to their deployment in
safety-critical systems. Since the accuracy and robustness of deep learning
models are primarily attributed from the purity of the training samples,
therefore the deep learning architectures are often susceptible to adversarial
attacks. Adversarial attacks are often obtained by making subtle perturbations
to normal images, which are mostly imperceptible to humans, but can seriously
confuse the state-of-the-art machine learning models. What is so special in the
slightest intelligent perturbations or noise additions over normal images that
it leads to catastrophic classifications by the deep neural networks? Using
statistical hypothesis testing, we find that Conditional Variational
AutoEncoders (CVAE) are surprisingly good at detecting imperceptible image
perturbations. In this paper, we show how CVAEs can be effectively used to
detect adversarial attacks on image classification networks. We demonstrate our
results over MNIST, CIFAR-10 dataset and show how our method gives comparable
performance to the state-of-the-art methods in detecting adversaries while not
getting confused with noisy images, where most of the existing methods falter.
","1","AI: Codex (2026-09-24; title/abstract review)","Detects adversarial perturbations affecting image classifiers rather than semantic image classes."
"Q07","image classification","Find methods that assign semantic classes to images; detection-only work is partial if useful to classification.","http://arxiv.org/abs/2107.00003v1","Understanding Adversarial Examples Through Deep Neural Network's
  Response Surface and Uncertainty Regions","Juan Shu, Bowei Xi, Charles Kamhoua","  Deep neural network (DNN) is a popular model implemented in many systems to
handle complex tasks such as image classification, object recognition, natural
language processing etc. Consequently DNN structural vulnerabilities become
part of the security vulnerabilities in those systems. In this paper we study
the root cause of DNN adversarial examples. We examine the DNN response surface
to understand its classification boundary. Our study reveals the structural
problem of DNN classification boundary that leads to the adversarial examples.
Existing attack algorithms can generate from a handful to a few hundred
adversarial examples given one clean image. We show there are infinitely many
adversarial images given one clean sample, all within a small neighborhood of
the clean sample. We then define DNN uncertainty regions and show
transferability of adversarial examples is not universal. We also argue that
generalization error, the large sample theoretical guarantee established for
DNN, cannot adequately capture the phenomenon of adversarial examples. We need
new theory to measure DNN robustness.
","1","AI: Codex (2026-09-24; title/abstract review)","Studies classifier decision boundaries and adversarial vulnerability; useful background for robust image classification."
"Q07","image classification","Find methods that assign semantic classes to images; detection-only work is partial if useful to classification.","http://arxiv.org/abs/2111.08856v2","Fairness Testing of Deep Image Classification with Adequacy Metrics","Peixin Zhang, Jingyi Wang, Jun Sun, Xinyu Wang","  As deep image classification applications, e.g., face recognition, become
increasingly prevalent in our daily lives, their fairness issues raise more and
more concern. It is thus crucial to comprehensively test the fairness of these
applications before deployment. Existing fairness testing methods suffer from
the following limitations: 1) applicability, i.e., they are only applicable for
structured data or text without handling the high-dimensional and abstract
domain sampling in the semantic level for image classification applications; 2)
functionality, i.e., they generate unfair samples without providing testing
criterion to characterize the model's fairness adequacy. To fill the gap, we
propose DeepFAIT, a systematic fairness testing framework specifically designed
for deep image classification applications. DeepFAIT consists of several
important components enabling effective fairness testing of deep image
classification applications: 1) a neuron selection strategy to identify the
fairness-related neurons; 2) a set of multi-granularity adequacy metrics to
evaluate the model's fairness; 3) a test selection algorithm for fixing the
fairness issues efficiently. We have conducted experiments on widely adopted
large-scale face recognition applications, i.e., VGGFace and FairFace. The
experimental results confirm that our approach can effectively identify the
fairness-related neurons, characterize the model's fairness, and select the
most valuable test cases to mitigate the model's fairness issues.
","1","AI: Codex (2026-09-24; title/abstract review)","Tests and mitigates fairness problems in existing image classifiers rather than introducing a classification method."
"Q07","image classification","Find methods that assign semantic classes to images; detection-only work is partial if useful to classification.","http://arxiv.org/abs/2209.08200v2","Deep Labeling of fMRI Brain Networks Using Cloud Based Processing","Sejal Ghate, Alberto Santamaria-Pang, Ivan Tarapov, Haris I Sair, Craig K Jones","  Resting state fMRI is an imaging modality which reveals brain activity
localization through signal changes, in what is known as Resting State Networks
(RSNs). This technique is gaining popularity in neurosurgical pre-planning to
visualize the functional regions and assess regional activity. Labeling of
rs-fMRI networks require subject-matter expertise and is time consuming,
creating a need for an automated classification algorithm. While the impact of
AI in medical diagnosis has shown great progress; deploying and maintaining
these in a clinical setting is an unmet need. We propose an end-to-end
reproducible pipeline which incorporates image processing of rs-fMRI in a
cloud-based workflow while using deep learning to automate the classification
of RSNs. We have architected a reproducible Azure Machine Learning cloud-based
medical imaging concept pipeline for fMRI analysis integrating the popular
FMRIB Software Library (FSL) toolkit. To demonstrate a clinical application
using a large dataset, we compare three neural network architectures for
classification of deeper RSNs derived from processed rs-fMRI. The three
algorithms are: an MLP, a 2D projection-based CNN, and a fully 3D CNN
classification networks. Each of the net-works was trained on the rs-fMRI
back-projected independent components giving >98% accuracy for each
classification method.
","2","AI: Codex (2026-09-24; title/abstract review)","Automates classification of fMRI image-derived brain networks using neural architectures."
"Q07","image classification","Find methods that assign semantic classes to images; detection-only work is partial if useful to classification.","http://arxiv.org/abs/2202.02283v1","Choosing an Appropriate Platform and Workflow for Processing Camera Trap
  Data using Artificial Intelligence","Juliana Vélez, Paula J. Castiblanco-Camacho, Michael A. Tabak, Carl Chalmers, Paul Fergus, John Fieberg","  Camera traps have transformed how ecologists study wildlife species
distributions, activity patterns, and interspecific interactions. Although
camera traps provide a cost-effective method for monitoring species, the time
required for data processing can limit survey efficiency. Thus, the potential
of Artificial Intelligence (AI), specifically Deep Learning (DL), to process
camera-trap data has gained considerable attention. Using DL for these
applications involves training algorithms, such as Convolutional Neural
Networks (CNNs), to automatically detect objects and classify species. To
overcome technical challenges associated with training CNNs, several research
communities have recently developed platforms that incorporate DL in
easy-to-use interfaces. We review key characteristics of four AI-powered
platforms -- Wildlife Insights (WI), MegaDetector (MD), Machine Learning for
Wildlife Image Classification (MLWIC2), and Conservation AI -- including data
management tools and AI features. We also provide R code in an open-source
GitBook, to demonstrate how users can evaluate model performance, and
incorporate AI output in semi-automated workflows. We found that species
classifications from WI and MLWIC2 generally had low recall values (animals
that were present in the images often were not classified to the correct
species). Yet, the precision of WI and MLWIC2 classifications for some species
was high (i.e., when classifications were made, they were generally accurate).
MD, which classifies images using broader categories (e.g., ""blank"" or
""animal""), also performed well. Thus, we conclude that, although species
classifiers were not accurate enough to automate image processing, DL could be
used to improve efficiencies by accepting classifications with high confidence
values for certain species or by filtering images containing blanks.
","2","AI: Codex (2026-09-24; title/abstract review)","Compares species-image classifiers and describes usable camera-trap classification workflows."
"Q07","image classification","Find methods that assign semantic classes to images; detection-only work is partial if useful to classification.","http://arxiv.org/abs/2108.05595v1","Reinforcement Learning Approach to Active Learning for Image
  Classification","Thorben Werner","  Machine Learning requires large amounts of labeled data to fit a model. Many
datasets are already publicly available, nevertheless forcing application
possibilities of machine learning to the domains of those public datasets. The
ever-growing penetration of machine learning algorithms in new application
areas requires solutions for the need for data in those new domains. This
thesis works on active learning as one possible solution to reduce the amount
of data that needs to be processed by hand, by processing only those datapoints
that specifically benefit the training of a strong model for the task. A newly
proposed framework for framing the active learning workflow as a reinforcement
learning problem is adapted for image classification and a series of three
experiments is conducted. Each experiment is evaluated and potential issues
with the approach are outlined. Each following experiment then proposes
improvements to the framework and evaluates their impact. After the last
experiment, a final conclusion is drawn, unfortunately rejecting this work's
hypothesis and outlining that the proposed framework at the moment is not
capable of improving active learning for image classification with a trained
reinforcement learning agent.
","2","AI: Codex (2026-09-24; title/abstract review)","Studies active-learning policies for training image classifiers; negative results still directly address the task."
"Q07","image classification","Find methods that assign semantic classes to images; detection-only work is partial if useful to classification.","http://arxiv.org/abs/2111.02378v1","Intrusion Detection: Machine Learning Baseline Calculations for Image
  Classification","Erik Larsen, Korey MacVittie, John Lilly","  Cyber security can be enhanced through application of machine learning by
recasting network attack data into an image format, then applying supervised
computer vision and other machine learning techniques to detect malicious
specimens. Exploratory data analysis reveals little correlation and few
distinguishing characteristics between the ten classes of malware used in this
study. A general model comparison demonstrates that the most promising
candidates for consideration are Light Gradient Boosting Machine, Random Forest
Classifier, and Extra Trees Classifier. Convolutional networks fail to deliver
their outstanding classification ability, being surpassed by a simple, fully
connected architecture. Most tests fail to break 80% categorical accuracy and
present low F1 scores, indicating more sophisticated approaches (e.g.,
bootstrapping, random samples, and feature selection) may be required to
maximize performance.
","1","AI: Codex (2026-09-24; title/abstract review)","Classifies network-attack data recoded as images; methodological overlap but not natural visual semantic classification."
"Q07","image classification","Find methods that assign semantic classes to images; detection-only work is partial if useful to classification.","http://arxiv.org/abs/2111.02375v1","Virus-MNIST: Machine Learning Baseline Calculations for Image
  Classification","Erik Larsen, Korey MacVittie, John Lilly","  The Virus-MNIST data set is a collection of thumbnail images that is similar
in style to the ubiquitous MNIST hand-written digits. These, however, are cast
by reshaping possible malware code into an image array. Naturally, it is poised
to take on a role in benchmarking progress of virus classifier model training.
Ten types are present: nine classified as malware and one benign. Cursory
examination reveals unequal class populations and other key aspects that must
be considered when selecting classification and pre-processing methods.
Exploratory analyses show possible identifiable characteristics from aggregate
metrics (e.g., the pixel median values), and ways to reduce the number of
features by identifying strong correlations. A model comparison shows that
Light Gradient Boosting Machine, Gradient Boosting Classifier, and Random
Forest algorithms produced the highest accuracy scores, thus showing promise
for deeper scrutiny.
","1","AI: Codex (2026-09-24; title/abstract review)","Classifies malware bytes reshaped as image arrays; only partial fit to semantic image classification."
"Q07","image classification","Find methods that assign semantic classes to images; detection-only work is partial if useful to classification.","http://arxiv.org/abs/1502.05134v2","Supervised cross-modal factor analysis for multiple modal data
  classification","Jingbin Wang, Yihua Zhou, Kanghong Duan, Jim Jing-Yan Wang, Halima Bensmail","  In this paper we study the problem of learning from multiple modal data for
purpose of document classification. In this problem, each document is composed
two different modals of data, i.e., an image and a text. Cross-modal factor
analysis (CFA) has been proposed to project the two different modals of data to
a shared data space, so that the classification of a image or a text can be
performed directly in this space. A disadvantage of CFA is that it has ignored
the supervision information. In this paper, we improve CFA by incorporating the
supervision information to represent and classify both image and text modals of
documents. We project both image and text data to a shared data space by factor
analysis, and then train a class label predictor in the shared space to use the
class label information. The factor analysis parameter and the predictor
parameter are learned jointly by solving one single objective function. With
this objective function, we minimize the distance between the projections of
image and text of the same document, and the classification error of the
projection measured by hinge loss function. The objective function is optimized
by an alternate optimization strategy in an iterative algorithm. Experiments in
two different multiple modal document data sets show the advantage of the
proposed algorithm over other CFA methods.
","2","AI: Codex (2026-09-24; title/abstract review)","Learns shared image-text representations with supervised class prediction for document images."
"Q07","image classification","Find methods that assign semantic classes to images; detection-only work is partial if useful to classification.","http://arxiv.org/abs/2010.10050v1","Deep Low-Shot Learning for Biological Image Classification and
  Visualization from Limited Training Samples","Lei Cai, Zhengyang Wang, Rob Kulathinal, Sudhir Kumar, Shuiwang Ji","  Predictive modeling is useful but very challenging in biological image
analysis due to the high cost of obtaining and labeling training data. For
example, in the study of gene interaction and regulation in Drosophila
embryogenesis, the analysis is most biologically meaningful when in situ
hybridization (ISH) gene expression pattern images from the same developmental
stage are compared. However, labeling training data with precise stages is very
time-consuming even for evelopmental biologists. Thus, a critical challenge is
how to build accurate computational models for precise developmental stage
classification from limited training samples. In addition, identification and
visualization of developmental landmarks are required to enable biologists to
interpret prediction results and calibrate models. To address these challenges,
we propose a deep two-step low-shot learning framework to accurately classify
ISH images using limited training images. Specifically, to enable accurate
model training on limited training samples, we formulate the task as a deep
low-shot learning problem and develop a novel two-step learning approach,
including data-level learning and feature-level learning. We use a deep
residual network as our base model and achieve improved performance in the
precise stage prediction task of ISH images. Furthermore, the deep model can be
interpreted by computing saliency maps, which consist of pixel-wise
contributions of an image to its prediction result. In our task, saliency maps
are used to assist the identification and visualization of developmental
landmarks. Our experimental results show that the proposed model can not only
make accurate predictions, but also yield biologically meaningful
interpretations. We anticipate our methods to be easily generalizable to other
biological image classification tasks with small training datasets.
","2","AI: Codex (2026-09-24; title/abstract review)","Develops low-shot neural classification of biological images by developmental stage."
"Q08","anomaly detection","Find methods for identifying unusual observations or events in data; exclude anomaly discussions without detection methods.","http://arxiv.org/abs/2106.05410v4","DASVDD: Deep Autoencoding Support Vector Data Descriptor for Anomaly
  Detection","Hadi Hojjati, Narges Armanfard","  Semi-supervised anomaly detection aims to detect anomalies from normal
samples using a model that is trained on normal data. With recent advancements
in deep learning, researchers have designed efficient deep anomaly detection
methods. Existing works commonly use neural networks to map the data into a
more informative representation and then apply an anomaly detection algorithm.
In this paper, we propose a method, DASVDD, that jointly learns the parameters
of an autoencoder while minimizing the volume of an enclosing hyper-sphere on
its latent representation. We propose an anomaly score which is a combination
of autoencoder's reconstruction error and the distance from the center of the
enclosing hypersphere in the latent representation. Minimizing this anomaly
score aids us in learning the underlying distribution of the normal class
during training. Including the reconstruction error in the anomaly score
ensures that DASVDD does not suffer from the common hypersphere collapse issue
since the DASVDD model does not converge to the trivial solution of mapping all
inputs to a constant point in the latent representation. Experimental
evaluations on several benchmark datasets show that the proposed method
outperforms the commonly used state-of-the-art anomaly detection algorithms
while maintaining robust performance across different anomaly classes.
","2","AI: Codex (2026-09-24; title/abstract review)","Jointly learns autoencoding and hypersphere representations for anomaly scoring."
"Q08","anomaly detection","Find methods for identifying unusual observations or events in data; exclude anomaly discussions without detection methods.","http://arxiv.org/abs/2206.03321v1","Early Abnormal Detection of Sewage Pipe Network: Bagging of Various
  Abnormal Detection Algorithms","Zhen-Yu Zhang, Guo-Xiang Shao, Chun-Ming Qiu, Yue-Jie Hou, En-Ming Zhao, Chi-Chun Zhou","  Abnormalities of the sewage pipe network will affect the normal operation of
the whole city. Therefore, it is important to detect the abnormalities early.
This paper propose an early abnormal-detection method. The abnormalities are
detected by using the conventional algorithms, such as isolation forest
algorithm, two innovations are given: (1) The current and historical data
measured by the sensors placed in the sewage pipe network (such as ultrasonic
Doppler flowmeter) are taken as the overall dataset, and then the general
dataset is detected by using the conventional anomaly detection method to
diagnose the anomaly of the data. The anomaly refers to the sample different
from the others samples in the whole dataset. Because the definition of anomaly
is not through the algorithm, but the whole dataset, the construction of the
whole dataset is the key to propose the early abnormal-detection algorithms.
(2) A bagging strategy for a variety of conventional anomaly detection
algorithms is proposed to achieve the early detection of anomalies with the
high precision and recall. The results show that this method can achieve the
early anomaly detection with the highest precision of 98.21%, the recall rate
63.58% and F1-score of 0.774.
","2","AI: Codex (2026-09-24; title/abstract review)","Combines anomaly detectors to identify unusual sewage sensor behavior early."
"Q08","anomaly detection","Find methods for identifying unusual observations or events in data; exclude anomaly discussions without detection methods.","http://arxiv.org/abs/1611.00301v1","Recurrent Neural Radio Anomaly Detection","Timothy J O'Shea, T. Charles Clancy, Robert W. McGwier","  We introduce a powerful recurrent neural network based method for novelty
detection to the application of detecting radio anomalies. This approach holds
promise in significantly increasing the ability of naive anomaly detection to
detect small anomalies in highly complex complexity multi-user radio bands. We
demonstrate the efficacy of this approach on a number of common real over the
air radio communications bands of interest and quantify detection performance
in terms of probability of detection an false alarm rates across a range of
interference to band power ratios and compare to baseline methods.
","2","AI: Codex (2026-09-24; title/abstract review)","Uses recurrent networks to detect novel radio anomalies."
"Q08","anomaly detection","Find methods for identifying unusual observations or events in data; exclude anomaly discussions without detection methods.","http://arxiv.org/abs/1401.6424v1","Toward Supervised Anomaly Detection","Nico Goernitz, Marius Micha Kloft, Konrad Rieck, Ulf Brefeld","  Anomaly detection is being regarded as an unsupervised learning task as
anomalies stem from adversarial or unlikely events with unknown distributions.
However, the predictive performance of purely unsupervised anomaly detection
often fails to match the required detection rates in many tasks and there
exists a need for labeled data to guide the model generation. Our first
contribution shows that classical semi-supervised approaches, originating from
a supervised classifier, are inappropriate and hardly detect new and unknown
anomalies. We argue that semi-supervised anomaly detection needs to ground on
the unsupervised learning paradigm and devise a novel algorithm that meets this
requirement. Although being intrinsically non-convex, we further show that the
optimization problem has a convex equivalent under relatively mild assumptions.
Additionally, we propose an active learning strategy to automatically filter
candidates for labeling. In an empirical study on network intrusion detection
data, we observe that the proposed learning methodology requires much less
labeled data than the state-of-the-art, while achieving higher detection
accuracies.
","2","AI: Codex (2026-09-24; title/abstract review)","Develops semi-supervised and active-learning methods for detecting known and unknown anomalies."
"Q08","anomaly detection","Find methods for identifying unusual observations or events in data; exclude anomaly discussions without detection methods.","http://arxiv.org/abs/2201.11950v1","Time-Series Anomaly Detection with Implicit Neural Representation","Kyeong-Joong Jeong, Yong-Min Shin","  Detecting anomalies in multivariate time-series data is essential in many
real-world applications. Recently, various deep learning-based approaches have
shown considerable improvements in time-series anomaly detection. However,
existing methods still have several limitations, such as long training time due
to their complex model designs or costly tuning procedures to find optimal
hyperparameters (e.g., sliding window length) for a given dataset. In our
paper, we propose a novel method called Implicit Neural Representation-based
Anomaly Detection (INRAD). Specifically, we train a simple multi-layer
perceptron that takes time as input and outputs corresponding values at that
time. Then we utilize the representation error as an anomaly score for
detecting anomalies. Experiments on five real-world datasets demonstrate that
our proposed method outperforms other state-of-the-art methods in performance,
training speed, and robustness.
","2","AI: Codex (2026-09-24; title/abstract review)","Uses implicit neural representation errors to detect time-series anomalies."
"Q08","anomaly detection","Find methods for identifying unusual observations or events in data; exclude anomaly discussions without detection methods.","http://arxiv.org/abs/2204.11014v1","Discriminative Feature Learning Framework with Gradient Preference for
  Anomaly Detection","Muhao Xu, Xueying Zhou, Xizhan Gao, WeiKai He, Sijie Niu","  Unsupervised representation learning has been extensively employed in anomaly
detection, achieving impressive performance. Extracting valuable feature
vectors that can remarkably improve the performance of anomaly detection are
essential in unsupervised representation learning. To this end, we propose a
novel discriminative feature learning framework with gradient preference for
anomaly detection. Specifically, we firstly design a gradient preference based
selector to store powerful feature points in space and then construct a feature
repository, which alleviate the interference of redundant feature vectors and
improve inference efficiency. To overcome the looseness of feature vectors,
secondly, we present a discriminative feature learning with center constrain to
map the feature repository to a compact subspace, so that the anomalous samples
are more distinguishable from the normal ones. Moreover, our method can be
easily extended to anomaly localization. Extensive experiments on popular
industrial and medical anomaly detection datasets demonstrate our proposed
framework can achieve competitive results in both anomaly detection and
localization. More important, our method outperforms the state-of-the-art in
few shot anomaly detection.
","2","AI: Codex (2026-09-24; title/abstract review)","Learns compact discriminative features for anomaly detection and localization."
"Q08","anomaly detection","Find methods for identifying unusual observations or events in data; exclude anomaly discussions without detection methods.","http://arxiv.org/abs/2208.14834v2","Deep Anomaly Detection and Search via Reinforcement Learning","Chao Chen, Dawei Wang, Feng Mao, Zongzhang Zhang, Yang Yu","  Semi-supervised Anomaly Detection (AD) is a kind of data mining task which
aims at learning features from partially-labeled datasets to help detect
outliers. In this paper, we classify existing semi-supervised AD methods into
two categories: unsupervised-based and supervised-based, and point out that
most of them suffer from insufficient exploitation of labeled data and
under-exploration of unlabeled data. To tackle these problems, we propose Deep
Anomaly Detection and Search (DADS), which applies Reinforcement Learning (RL)
to balance exploitation and exploration. During the training process, the agent
searches for possible anomalies with hierarchically-structured datasets and
uses the searched anomalies to enhance performance, which in essence draws
lessons from the idea of ensemble learning. Experimentally, we compare DADS
with several state-of-the-art methods in the settings of leveraging labeled
known anomalies to detect both other known anomalies and unknown anomalies.
Results show that DADS can efficiently and precisely search anomalies from
unlabeled data and learn from them, thus achieving good performance.
","2","AI: Codex (2026-09-24; title/abstract review)","Uses reinforcement learning to search for anomalies and improve semi-supervised detection."
"Q08","anomaly detection","Find methods for identifying unusual observations or events in data; exclude anomaly discussions without detection methods.","http://arxiv.org/abs/2110.12076v1","Applications of Generative Adversarial Networks in Anomaly Detection: A
  Systematic Literature Review","Mikael Sabuhi, Ming Zhou, Cor-Paul Bezemer, Petr Musilek","  Anomaly detection has become an indispensable tool for modern society,
applied in a wide range of applications, from detecting fraudulent transactions
to malignant brain tumours. Over time, many anomaly detection techniques have
been introduced. However, in general, they all suffer from the same problem: a
lack of data that represents anomalous behaviour. As anomalous behaviour is
usually costly (or dangerous) for a system, it is difficult to gather enough
data that represents such behaviour. This, in turn, makes it difficult to
develop and evaluate anomaly detection techniques. Recently, generative
adversarial networks (GANs) have attracted a great deal of attention in anomaly
detection research, due to their unique ability to generate new data. In this
paper, we present a systematic literature review of the applications of GANs in
anomaly detection, covering 128 papers on the subject. The goal of this review
paper is to analyze and summarize: (1) which anomaly detection techniques can
benefit from certain types of GANs, and how, (2) in which application domains
GAN-assisted anomaly detection techniques have been applied, and (3) which
datasets and performance metrics have been used to evaluate these techniques.
Our study helps researchers and practitioners to find the most suitable
GAN-assisted anomaly detection technique for their application. In addition, we
present a research roadmap for future studies in this area.
","2","AI: Codex (2026-09-24; title/abstract review)","Systematically surveys GAN-based methods for identifying anomalies across applications."
"Q08","anomaly detection","Find methods for identifying unusual observations or events in data; exclude anomaly discussions without detection methods.","http://arxiv.org/abs/2109.02704v2","gen2Out: Detecting and Ranking Generalized Anomalies","Meng-Chieh Lee, Shubhranshu Shekhar, Christos Faloutsos, T. Noah Hutson, Leon Iasemidis","  In a cloud of m-dimensional data points, how would we spot, as well as rank,
both single-point- as well as group- anomalies? We are the first to generalize
anomaly detection in two dimensions: The first dimension is that we handle both
point-anomalies, as well as group-anomalies, under a unified view -- we shall
refer to them as generalized anomalies. The second dimension is that gen2Out
not only detects, but also ranks, anomalies in suspiciousness order. Detection,
and ranking, of anomalies has numerous applications: For example, in EEG
recordings of an epileptic patient, an anomaly may indicate a seizure; in
computer network traffic data, it may signify a power failure, or a DoS/DDoS
attack. We start by setting some reasonable axioms; surprisingly, none of the
earlier methods pass all the axioms. Our main contribution is the gen2Out
algorithm, that has the following desirable properties: (a) Principled and
Sound anomaly scoring that obeys the axioms for detectors, (b) Doubly-general
in that it detects, as well as ranks generalized anomaly -- both point- and
group-anomalies, (c) Scalable, it is fast and scalable, linear on input size.
(d) Effective, experiments on real-world epileptic recordings (200GB)
demonstrate effectiveness of gen2Out as confirmed by clinicians. Experiments on
27 real-world benchmark datasets show that gen2Out detects ground truth groups,
matches or outperforms point-anomaly baseline algorithms on accuracy, with no
competition for group-anomalies and requires about 2 minutes for 1 million data
points on a stock machine.
","2","AI: Codex (2026-09-24; title/abstract review)","Develops detection and suspiciousness ranking for point and group anomalies."
"Q08","anomaly detection","Find methods for identifying unusual observations or events in data; exclude anomaly discussions without detection methods.","http://arxiv.org/abs/2110.15700v1","Boosting Anomaly Detection Using Unsupervised Diverse Test-Time
  Augmentation","Seffi Cohen, Niv Goldshlager, Lior Rokach, Bracha Shapira","  Anomaly detection is a well-known task that involves the identification of
abnormal events that occur relatively infrequently. Methods for improving
anomaly detection performance have been widely studied. However, no studies
utilizing test-time augmentation (TTA) for anomaly detection in tabular data
have been performed. TTA involves aggregating the predictions of several
synthetic versions of a given test sample; TTA produces different points of
view for a specific test instance and might decrease its prediction bias. We
propose the Test-Time Augmentation for anomaly Detection (TTAD) technique, a
TTA-based method aimed at improving anomaly detection performance. TTAD
augments a test instance based on its nearest neighbors; various methods,
including the k-Means centroid and SMOTE methods, are used to produce the
augmentations. Our technique utilizes a Siamese network to learn an advanced
distance metric when retrieving a test instance's neighbors. Our experiments
show that the anomaly detector that uses our TTA technique achieved
significantly higher AUC results on all datasets evaluated.
","2","AI: Codex (2026-09-24; title/abstract review)","Uses test-time augmentation to improve tabular anomaly detection."
"Q08","anomaly detection","Find methods for identifying unusual observations or events in data; exclude anomaly discussions without detection methods.","http://arxiv.org/abs/2105.12818v2","Anomaly Detection in Predictive Maintenance: A New Evaluation Framework
  for Temporal Unsupervised Anomaly Detection Algorithms","Jacinto Carrasco, Irina Markova, David López, Ignacio Aguilera, Diego García, Marta García-Barzana, Manuel Arias-Rodil, Julián Luengo, Francisco Herrera","  The research in anomaly detection lacks a unified definition of what
represents an anomalous instance. Discrepancies in the nature itself of an
anomaly lead to multiple paradigms of algorithms design and experimentation.
Predictive maintenance is a special case, where the anomaly represents a
failure that must be prevented. Related time-series research as outlier and
novelty detection or time-series classification does not apply to the concept
of an anomaly in this field, because they are not single points which have not
been seen previously and may not be precisely annotated. Moreover, due to the
lack of annotated anomalous data, many benchmarks are adapted from supervised
scenarios.
  To address these issues, we generalise the concept of positive and negative
instances to intervals to be able to evaluate unsupervised anomaly detection
algorithms. We also preserve the imbalance scheme for evaluation through the
proposal of the Preceding Window ROC, a generalisation for the calculation of
ROC curves for time-series scenarios. We also adapt the mechanism from a
established time-series anomaly detection benchmark to the proposed
generalisations to reward early detection. Therefore, the proposal represents a
flexible evaluation framework for the different scenarios. To show the
usefulness of this definition, we include a case study of Big Data algorithms
with a real-world time-series problem provided by the company ArcelorMittal,
and compare the proposal with an evaluation method.
","1","AI: Codex (2026-09-24; title/abstract review)","Develops an evaluation framework for temporal anomaly detectors rather than a new detector."
"Q08","anomaly detection","Find methods for identifying unusual observations or events in data; exclude anomaly discussions without detection methods.","http://arxiv.org/abs/2204.09108v1","Sintel: A Machine Learning Framework to Extract Insights from Signals","Sarah Alnegheimish, Dongyu Liu, Carles Sala, Laure Berti-Equille, Kalyan Veeramachaneni","  The detection of anomalies in time series data is a critical task with many
monitoring applications. Existing systems often fail to encompass an end-to-end
detection process, to facilitate comparative analysis of various anomaly
detection methods, or to incorporate human knowledge to refine output. This
precludes current methods from being used in real-world settings by
practitioners who are not ML experts. In this paper, we introduce Sintel, a
machine learning framework for end-to-end time series tasks such as anomaly
detection. The framework uses state-of-the-art approaches to support all steps
of the anomaly detection process. Sintel logs the entire anomaly detection
journey, providing detailed documentation of anomalies over time. It enables
users to analyze signals, compare methods, and investigate anomalies through an
interactive visualization tool, where they can annotate, modify, create, and
remove events. Using these annotations, the framework leverages human knowledge
to improve the anomaly detection pipeline. We demonstrate the usability,
efficiency, and effectiveness of Sintel through a series of experiments on
three public time series datasets, as well as one real-world use case involving
spacecraft experts tasked with anomaly analysis tasks. Sintel's framework,
code, and datasets are open-sourced at https://github.com/sintel-dev/.
","2","AI: Codex (2026-09-24; title/abstract review)","Implements an end-to-end time-series anomaly detection and human-feedback pipeline."
"Q08","anomaly detection","Find methods for identifying unusual observations or events in data; exclude anomaly discussions without detection methods.","http://arxiv.org/abs/2204.13335v2","Anomaly Detection by Leveraging Incomplete Anomalous Knowledge with
  Anomaly-Aware Bidirectional GANs","Bowen Tian, Qinliang Su, Jian Yin","  The goal of anomaly detection is to identify anomalous samples from normal
ones. In this paper, a small number of anomalies are assumed to be available at
the training stage, but they are assumed to be collected only from several
anomaly types, leaving the majority of anomaly types not represented in the
collected anomaly dataset at all. To effectively leverage this kind of
incomplete anomalous knowledge represented by the collected anomalies, we
propose to learn a probability distribution that can not only model the normal
samples, but also guarantee to assign low density values for the collected
anomalies. To this end, an anomaly-aware generative adversarial network (GAN)
is developed, which, in addition to modeling the normal samples as most GANs
do, is able to explicitly avoid assigning probabilities for collected anomalous
samples. Moreover, to facilitate the computation of anomaly detection criteria
like reconstruction error, the proposed anomaly-aware GAN is designed to be
bidirectional, attaching an encoder for the generator. Extensive experimental
results demonstrate that our proposed method is able to effectively make use of
the incomplete anomalous information, leading to significant performance gains
compared to existing methods.
","2","AI: Codex (2026-09-24; title/abstract review)","Uses anomaly-aware bidirectional GANs to detect anomalies from incomplete anomalous examples."
"Q08","anomaly detection","Find methods for identifying unusual observations or events in data; exclude anomaly discussions without detection methods.","http://arxiv.org/abs/2112.04704v1","Ymir: A Supervised Ensemble Framework for Multivariate Time Series
  Anomaly Detection","Zhanxiang Zhao","  We proposed a multivariate time series anomaly detection frame-work Ymir,
which leverages ensemble learning and supervisedlearning technology to
efficiently learn and adapt to anomaliesin real-world system applications. Ymir
integrates several currentlywidely used unsupervised anomaly detection models
through anensemble learning method, and thus can provide robust frontalanomaly
detection results in unsupervised scenarios. In a super-vised setting, domain
experts and system users discuss and providelabels (anomalous or not) for the
training data, which reflects theiranomaly detection criteria for the specific
system. Ymir leveragesthe aforementioned unsupervised methods to extract rich
and usefulfeature representations from the raw multivariate time series
data,then combines the features and labels with a supervised classifier todo
anomaly detection. We evaluated Ymir on internal multivariatetime series
datasets from large monitoring systems and achievedgood anomaly detection
performance.
","2","AI: Codex (2026-09-24; title/abstract review)","Combines unsupervised representations and supervised ensembles for multivariate anomaly detection."
"Q09","quantum error correction","Find methods for protecting quantum information from noise using error correction; exclude classical-only error correction.","http://arxiv.org/abs/1603.05850v1","N-ary Error Correcting Coding Scheme","Joey Tianyi Zhou, Ivor W. Tsang, Shen-Shyang Ho, Klaus-Robert Muller","  The coding matrix design plays a fundamental role in the prediction
performance of the error correcting output codes (ECOC)-based multi-class task.
{In many-class classification problems, e.g., fine-grained categorization, it
is difficult to distinguish subtle between-class differences under existing
coding schemes due to a limited choices of coding values.} In this paper, we
investigate whether one can relax existing binary and ternary code design to
$N$-ary code design to achieve better classification performance. {In
particular, we present a novel $N$-ary coding scheme that decomposes the
original multi-class problem into simpler multi-class subproblems, which is
similar to applying a divide-and-conquer method.} The two main advantages of
such a coding scheme are as follows: (i) the ability to construct more
discriminative codes and (ii) the flexibility for the user to select the best
$N$ for ECOC-based classification. We show empirically that the optimal $N$
(based on classification performance) lies in $[3, 10]$ with some trade-off in
computational cost. Moreover, we provide theoretical insights on the dependency
of the generalization error bound of an $N$-ary ECOC on the average base
classifier generalization error and the minimum distance between any two codes
constructed. Extensive experimental results on benchmark multi-class datasets
show that the proposed coding scheme achieves superior prediction performance
over the state-of-the-art coding methods.
","0","AI: Codex (2026-09-24; title/abstract review)","Error-correcting codes are used for classical multiclass prediction, not quantum information protection."
"Q09","quantum error correction","Find methods for protecting quantum information from noise using error correction; exclude classical-only error correction.","http://arxiv.org/abs/1802.06826v1","$GW$ self-screening error and its correction using a local density
  functional","Jack Wetherell, Matthew Hodgson, Rex Godby","  The self-screening error in electronic structure theory is the part of the
self-interaction error that would remain within the $GW$ approximation if the
exact dynamically screened Coulomb interaction, $W$, were used, causing each
electron to artificially screen its own presence. This introduces error into
the electron density and ionization potential. We propose a simple,
computationally efficient correction to $GW$ calculations in the form of a
local density functional, obtained using a series of finite training systems;
in tests, this eliminates the self-screening errors in the electron density and
ionization potential.
","0","AI: Codex (2026-09-24; title/abstract review)","Corrects electronic-structure approximation errors rather than quantum information errors."
"Q09","quantum error correction","Find methods for protecting quantum information from noise using error correction; exclude classical-only error correction.","http://arxiv.org/abs/1301.2012v1","Error Correction in Learning using SVMs","Srivatsan Laxman, Sushil Mittal, Ramarathnam Venkatesan","  This paper is concerned with learning binary classifiers under adversarial
label-noise. We introduce the problem of error-correction in learning where the
goal is to recover the original clean data from a label-manipulated version of
it, given (i) no constraints on the adversary other than an upper-bound on the
number of errors, and (ii) some regularity properties for the original data. We
present a simple and practical error-correction algorithm called SubSVMs that
learns individual SVMs on several small-size (log-size), class-balanced, random
subsets of the data and then reclassifies the training points using a majority
vote. Our analysis reveals the need for the two main ingredients of SubSVMs,
namely class-balanced sampling and subsampled bagging. Experimental results on
synthetic as well as benchmark UCI data demonstrate the effectiveness of our
approach. In addition to noise-tolerance, log-size subsampled bagging also
yields significant run-time benefits over standard SVMs.
","0","AI: Codex (2026-09-24; title/abstract review)","Corrects noisy classification labels with SVMs; no quantum error correction."
"Q09","quantum error correction","Find methods for protecting quantum information from noise using error correction; exclude classical-only error correction.","http://arxiv.org/abs/2102.06162v1","Defuse: Harnessing Unrestricted Adversarial Examples for Debugging
  Models Beyond Test Accuracy","Dylan Slack, Nathalie Rauschmayr, Krishnaram Kenthapadi","  We typically compute aggregate statistics on held-out test data to assess the
generalization of machine learning models. However, statistics on test data
often overstate model generalization, and thus, the performance of deployed
machine learning models can be variable and untrustworthy. Motivated by these
concerns, we develop methods to automatically discover and correct model errors
beyond those available in the data. We propose Defuse, a method that generates
novel model misclassifications, categorizes these errors into high-level model
bugs, and efficiently labels and fine-tunes on the errors to correct them. To
generate misclassified data, we propose an algorithm inspired by adversarial
machine learning techniques that uses a generative model to find naturally
occurring instances misclassified by a model. Further, we observe that the
generative models have regions in their latent space with higher concentrations
of misclassifications. We call these regions misclassification regions and find
they have several useful properties. Each region contains a specific type of
model bug; for instance, a misclassification region for an MNIST classifier
contains a style of skinny 6 that the model mistakes as a 1. We can also assign
a single label to each region, facilitating low-cost labeling. We propose a
method to learn the misclassification regions and use this insight to both
categorize errors and correct them. In practice, Defuse finds and corrects
novel errors in classifiers. For example, Defuse shows that a high-performance
traffic sign classifier mistakes certain 50km/h signs as 80km/h. Defuse
corrects the error after fine-tuning while maintaining generalization on the
test set.
","0","AI: Codex (2026-09-24; title/abstract review)","Finds and corrects classifier mistakes using adversarial examples, not quantum noise."
"Q09","quantum error correction","Find methods for protecting quantum information from noise using error correction; exclude classical-only error correction.","http://arxiv.org/abs/cond-mat/9811035v1","Quantum conductivity corrections in two dimensional long-range
  disordered systems with strong spin-orbit splitting of electron spectrum","Alexander P. Dmitriev, Igor V. Gornyi, Valentin Yu. Kachorovskii","  We study quantum corrections to conductivity in a 2D system with a smooth
random potential and strong spin-orbit splitting of the spectrum. We show that
the interference correction is positive and down to the very low temperature
can exceed the negative correction related to electron-electron interactions.
We discuss this result in the context of the problem of the metal-insulator
transition in Si-MOSFET structures.
","0","AI: Codex (2026-09-24; title/abstract review)","Quantum conductivity corrections concern transport physics rather than protecting qubits."
"Q09","quantum error correction","Find methods for protecting quantum information from noise using error correction; exclude classical-only error correction.","http://arxiv.org/abs/quant-ph/0306190v1","Proposal for a simple quantum error correction test gate in linear
  optics","T. C. Ralph","  We describe a linear quantum optical circuit capable of demonstrating a
simple quantum error correction code in a four photon experiment.
","2","AI: Codex (2026-09-24; title/abstract review)","Proposes a linear-optical circuit demonstrating a quantum error-correcting code."
"Q09","quantum error correction","Find methods for protecting quantum information from noise using error correction; exclude classical-only error correction.","http://arxiv.org/abs/0804.2083v1","Quantum corrections and bound-state effects in the energy relaxation of
  hot dense Hydrogen","M. W. C. Dharma-Wardana","  Simple analytic formulae for energy relaxation (ER) in electron-ion systems,
with quantum corrections, ion dynamics and RPA-type screening are presented. ER
in the presence of bound electrons is examined in view of of recent simulations
for ER in hydrogen in the range 10^{20}-10^{24} electrons/cc.
","0","AI: Codex (2026-09-24; title/abstract review)","Quantum corrections modify energy-relaxation formulas, not quantum information encoding."
"Q09","quantum error correction","Find methods for protecting quantum information from noise using error correction; exclude classical-only error correction.","http://arxiv.org/abs/2010.14687v1","MILR: Mathematically Induced Layer Recovery for Plaintext Space Error
  Correction of CNNs","Jonathan Ponader, Sandip Kundu, Yan Solihin","  The increased use of Convolutional Neural Networks (CNN) in mission critical
systems has increased the need for robust and resilient networks in the face of
both naturally occurring faults as well as security attacks. The lack of
robustness and resiliency can lead to unreliable inference results. Current
methods that address CNN robustness require hardware modification, network
modification, or network duplication. This paper proposes MILR a software based
CNN error detection and error correction system that enables self-healing of
the network from single and multi bit errors. The self-healing capabilities are
based on mathematical relationships between the inputs,outputs, and
parameters(weights) of a layers, exploiting these relationships allow the
recovery of erroneous parameters (weights) throughout a layer and the network.
MILR is suitable for plaintext-space error correction (PSEC) given its ability
to correct whole-weight and even whole-layer errors in CNNs.
","0","AI: Codex (2026-09-24; title/abstract review)","Repairs classical CNN weight errors rather than quantum states."
"Q09","quantum error correction","Find methods for protecting quantum information from noise using error correction; exclude classical-only error correction.","http://arxiv.org/abs/1303.2132v2","Heuristic Ternary Error-Correcting Output Codes Via Weight Optimization
  and Layered Clustering-Based Approach","Xiao-Lei Zhang","  One important classifier ensemble for multiclass classification problems is
Error-Correcting Output Codes (ECOCs). It bridges multiclass problems and
binary-class classifiers by decomposing multiclass problems to a serial
binary-class problems. In this paper, we present a heuristic ternary code,
named Weight Optimization and Layered Clustering-based ECOC (WOLC-ECOC). It
starts with an arbitrary valid ECOC and iterates the following two steps until
the training risk converges. The first step, named Layered Clustering based
ECOC (LC-ECOC), constructs multiple strong classifiers on the most confusing
binary-class problem. The second step adds the new classifiers to ECOC by a
novel Optimized Weighted (OW) decoding algorithm, where the optimization
problem of the decoding is solved by the cutting plane algorithm. Technically,
LC-ECOC makes the heuristic training process not blocked by some difficult
binary-class problem. OW decoding guarantees the non-increase of the training
risk for ensuring a small code length. Results on 14 UCI datasets and a music
genre classification problem demonstrate the effectiveness of WOLC-ECOC.
","0","AI: Codex (2026-09-24; title/abstract review)","Uses classical error-correcting output codes for multiclass classification."
"Q09","quantum error correction","Find methods for protecting quantum information from noise using error correction; exclude classical-only error correction.","http://arxiv.org/abs/2303.13244v2","Free-electron interactions with photonic GKP states: universal control
  and quantum error correction","Gefen Baranes, Shiran Even-Haim, Ron Ruimy, Alexey Gorlach, Raphael Dahan, Asaf A. Diringer, Shay Hacohen-Gourgy, Ido Kaminer","  We show that the coherent interaction between free electrons and photons can
be used for universal control of continuous-variable photonic quantum states in
the form of Gottesman-Kitaev-Preskill (GKP) qubits. Specifically, we find that
electron energy combs enable non-destructive measurements of the photonic state
and can induce arbitrary gates. Moreover, a single electron interacting with
multiple photonic modes can create highly entangled states such as
Greenberger-Horne-Zeilinger states and cluster states of GKPs.
","1","AI: Codex (2026-09-24; title/abstract review)","Title targets quantum error correction and the abstract describes GKP-qubit control and nondestructive measurements, but no explicit correction procedure is summarized."
"Q09","quantum error correction","Find methods for protecting quantum information from noise using error correction; exclude classical-only error correction.","http://arxiv.org/abs/2209.05406v1","Residual Correction in Real-Time Traffic Forecasting","Daejin Kim, Youngin Cho, Dongmin Kim, Cheonbok Park, Jaegul Choo","  Predicting traffic conditions is tremendously challenging since every road is
highly dependent on each other, both spatially and temporally. Recently, to
capture this spatial and temporal dependency, specially designed architectures
such as graph convolutional networks and temporal convolutional networks have
been introduced. While there has been remarkable progress in traffic
forecasting, we found that deep-learning-based traffic forecasting models still
fail in certain patterns, mainly in event situations (e.g., rapid speed drops).
Although it is commonly accepted that these failures are due to unpredictable
noise, we found that these failures can be corrected by considering previous
failures. Specifically, we observe autocorrelated errors in these failures,
which indicates that some predictable information remains. In this study, to
capture the correlation of errors, we introduce ResCAL, a residual estimation
module for traffic forecasting, as a widely applicable add-on module to
existing traffic forecasting models. Our ResCAL calibrates the prediction of
the existing models in real time by estimating future errors using previous
errors and graph signals. Extensive experiments on METR-LA and PEMS-BAY
demonstrate that our ResCAL can correctly capture the correlation of errors and
correct the failures of various traffic forecasting models in event situations.
","0","AI: Codex (2026-09-24; title/abstract review)","Corrects traffic forecast residuals, not quantum information errors."
"Q09","quantum error correction","Find methods for protecting quantum information from noise using error correction; exclude classical-only error correction.","http://arxiv.org/abs/1502.04617v1","Deep Transform: Error Correction via Probabilistic Re-Synthesis","Andrew J. R. Simpson","  Errors in data are usually unwelcome and so some means to correct them is
useful. However, it is difficult to define, detect or correct errors in an
unsupervised way. Here, we train a deep neural network to re-synthesize its
inputs at its output layer for a given class of data. We then exploit the fact
that this abstract transformation, which we call a deep transform (DT),
inherently rejects information (errors) existing outside of the abstract
feature space. Using the DT to perform probabilistic re-synthesis, we
demonstrate the recovery of data that has been subject to extreme degradation.
","0","AI: Codex (2026-09-24; title/abstract review)","Reconstructs degraded classical data using neural networks."
"Q09","quantum error correction","Find methods for protecting quantum information from noise using error correction; exclude classical-only error correction.","http://arxiv.org/abs/0805.2775v1","Sample Selection Bias Correction Theory","Corinna Cortes, Mehryar Mohri, Michael Riley, Afshin Rostamizadeh","  This paper presents a theoretical analysis of sample selection bias
correction. The sample bias correction technique commonly used in machine
learning consists of reweighting the cost of an error on each training point of
a biased sample to more closely reflect the unbiased distribution. This relies
on weights derived by various estimation techniques based on finite samples. We
analyze the effect of an error in that estimation on the accuracy of the
hypothesis returned by the learning algorithm for two estimation techniques: a
cluster-based estimation technique and kernel mean matching. We also report the
results of sample bias correction experiments with several data sets using
these techniques. Our analysis is based on the novel concept of distributional
stability which generalizes the existing concept of point-based stability. Much
of our work and proof techniques can be used to analyze other importance
weighting techniques and their effect on accuracy when using a distributionally
stable algorithm.
","0","AI: Codex (2026-09-24; title/abstract review)","Corrects statistical sample-selection bias rather than quantum noise."
"Q10","differential equations","Find analytical or numerical methods for solving differential equations; incidental use is partial at most.","http://arxiv.org/abs/2112.01254v3","Hierarchical Learning to Solve Partial Differential Equations Using
  Physics-Informed Neural Networks","Jihun Han, Yoonsang Lee","  The neural network-based approach to solving partial differential equations
has attracted considerable attention due to its simplicity and flexibility in
representing the solution of the partial differential equation. In training a
neural network, the network learns global features corresponding to
low-frequency components while high-frequency components are approximated at a
much slower rate. For a class of equations in which the solution contains a
wide range of scales, the network training process can suffer from slow
convergence and low accuracy due to its inability to capture the high-frequency
components. In this work, we propose a hierarchical approach to improve the
convergence rate and accuracy of the neural network solution to partial
differential equations. The proposed method comprises multi-training levels in
which a newly introduced neural network is guided to learn the residual of the
previous level approximation. By the nature of neural networks' training
process, the high-level correction is inclined to capture the high-frequency
components. We validate the efficiency and robustness of the proposed
hierarchical approach through a suite of linear and nonlinear partial
differential equations.
","2","AI: Codex (2026-09-24; title/abstract review)","Develops hierarchical neural solution refinement for differential equations."
"Q10","differential equations","Find analytical or numerical methods for solving differential equations; incidental use is partial at most.","http://arxiv.org/abs/2206.10586v3","D-CIPHER: Discovery of Closed-form Partial Differential Equations","Krzysztof Kacprzyk, Zhaozhi Qian, Mihaela van der Schaar","  Closed-form differential equations, including partial differential equations
and higher-order ordinary differential equations, are one of the most important
tools used by scientists to model and better understand natural phenomena.
Discovering these equations directly from data is challenging because it
requires modeling relationships between various derivatives that are not
observed in the data (equation-data mismatch) and it involves searching across
a huge space of possible equations. Current approaches make strong assumptions
about the form of the equation and thus fail to discover many well-known
systems. Moreover, many of them resolve the equation-data mismatch by
estimating the derivatives, which makes them inadequate for noisy and
infrequently sampled systems. To this end, we propose D-CIPHER, which is robust
to measurement artifacts and can uncover a new and very general class of
differential equations. We further design a novel optimization procedure,
CoLLie, to help D-CIPHER search through this class efficiently. Finally, we
demonstrate empirically that it can discover many well-known equations that are
beyond the capabilities of current methods.
","1","AI: Codex (2026-09-24; title/abstract review)","Discovers governing equations from data rather than solving specified equations."
"Q10","differential equations","Find analytical or numerical methods for solving differential equations; incidental use is partial at most.","http://arxiv.org/abs/2109.06786v2","Multiple shooting for training neural differential equations on time
  series","Evren Mert Turan, Johannes Jäschke","  Neural differential equations have recently emerged as a flexible
data-driven/hybrid approach to model time-series data. This work experimentally
demonstrates that if the data contains oscillations, then standard fitting of a
neural differential equation may result in a flattened out trajectory that
fails to describe the data. We then introduce the multiple shooting method and
present successful demonstrations of this method for the fitting of a neural
differential equation to two datasets (synthetic and experimental) that the
standard approach fails to fit. Constraints introduced by multiple shooting can
be satisfied using a penalty or augmented Lagrangian method.
","1","AI: Codex (2026-09-24; title/abstract review)","Uses multiple shooting to fit neural differential-equation models; useful numerical background but focuses on parameter learning."
"Q10","differential equations","Find analytical or numerical methods for solving differential equations; incidental use is partial at most.","http://arxiv.org/abs/2111.07671v3","NeuralPDE: Modelling Dynamical Systems from Data","Andrzej Dulny, Andreas Hotho, Anna Krause","  Many physical processes such as weather phenomena or fluid mechanics are
governed by partial differential equations (PDEs). Modelling such dynamical
systems using Neural Networks is an active research field. However, current
methods are still very limited, as they do not exploit the knowledge about the
dynamical nature of the system, require extensive prior knowledge about the
governing equations or are limited to linear or first-order equations. In this
work we make the observation that the Method of Lines used to solve PDEs can be
represented using convolutions which makes convolutional neural networks (CNNs)
the natural choice to parametrize arbitrary PDE dynamics. We combine this
parametrization with differentiable ODE solvers to form the NeuralPDE Model,
which explicitly takes into account the fact that the data is governed by
differential equations. We show in several experiments on toy and real-world
data that our model consistently outperforms state-of-the-art models used to
learn dynamical systems.
","2","AI: Codex (2026-09-24; title/abstract review)","Combines a method-of-lines PDE representation and differentiable ODE solvers to model dynamics."
"Q10","differential equations","Find analytical or numerical methods for solving differential equations; incidental use is partial at most.","http://arxiv.org/abs/2109.07359v2","Modular Neural Ordinary Differential Equations","Max Zhu, Pietro Lio, Jacob Moss","  The laws of physics have been written in the language of dif-ferential
equations for centuries. Neural Ordinary Differen-tial Equations (NODEs) are a
new machine learning architecture which allows these differential equations to
be learned from a dataset. These have been applied to classical dynamics
simulations in the form of Lagrangian Neural Net-works (LNNs) and Second Order
Neural Differential Equations (SONODEs). However, they either cannot represent
the most general equations of motion or lack interpretability. In this paper,
we propose Modular Neural ODEs, where each force component is learned with
separate modules. We show how physical priors can be easily incorporated into
these models. Through a number of experiments, we demonstrate these result in
better performance, are more interpretable, and add flexibility due to their
modularity.
","1","AI: Codex (2026-09-24; title/abstract review)","Learns modular force components of neural ODEs rather than developing a differential-equation solution method."
"Q10","differential equations","Find analytical or numerical methods for solving differential equations; incidental use is partial at most.","http://arxiv.org/abs/2203.16628v1","Physics-constrained Unsupervised Learning of Partial Differential
  Equations using Meshes","Mike Y. Michelis, Robert K. Katzschmann","  Enhancing neural networks with knowledge of physical equations has become an
efficient way of solving various physics problems, from fluid flow to
electromagnetism. Graph neural networks show promise in accurately representing
irregularly meshed objects and learning their dynamics, but have so far
required supervision through large datasets. In this work, we represent meshes
naturally as graphs, process these using Graph Networks, and formulate our
physics-based loss to provide an unsupervised learning framework for partial
differential equations (PDE). We quantitatively compare our results to a
classical numerical PDE solver, and show that our computationally efficient
approach can be used as an interactive PDE solver that is adjusting boundary
conditions in real-time and remains sufficiently close to the baseline
solution. Our inherently differentiable framework will enable the application
of PDE solvers in interactive settings, such as model-based control of
soft-body deformations, or in gradient-based optimization methods that require
a fully differentiable pipeline.
","2","AI: Codex (2026-09-24; title/abstract review)","Implements an unsupervised graph-based PDE solver on meshes with adjustable boundaries."
"Q10","differential equations","Find analytical or numerical methods for solving differential equations; incidental use is partial at most.","http://arxiv.org/abs/2111.04207v1","Uncertainty Quantification in Neural Differential Equations","Olga Graf, Pablo Flores, Pavlos Protopapas, Karim Pichara","  Uncertainty quantification (UQ) helps to make trustworthy predictions based
on collected observations and uncertain domain knowledge. With increased usage
of deep learning in various applications, the need for efficient UQ methods
that can make deep models more reliable has increased as well. Among
applications that can benefit from effective handling of uncertainty are the
deep learning based differential equation (DE) solvers. We adapt several
state-of-the-art UQ methods to get the predictive uncertainty for DE solutions
and show the results on four different DE types.
","1","AI: Codex (2026-09-24; title/abstract review)","Quantifies uncertainty of existing neural DE solutions rather than introducing a primary solver."
"Q10","differential equations","Find analytical or numerical methods for solving differential equations; incidental use is partial at most.","http://arxiv.org/abs/2201.02433v1","Forecasting emissions through Kaya identity using Neural Ordinary
  Differential Equations","Pierre Browne, Aranildo Lima, Rossella Arcucci, César Quilodrán-Casas","  Starting from the Kaya identity, we used a Neural ODE model to predict the
evolution of several indicators related to carbon emissions, on a
country-level: population, GDP per capita, energy intensity of GDP, carbon
intensity of energy. We compared the model with a baseline statistical model -
VAR - and obtained good performances. We conclude that this machine-learning
approach can be used to produce a wide range of results and give relevant
insight to policymakers
","1","AI: Codex (2026-09-24; title/abstract review)","Applies a neural ODE to emissions forecasting; the solution method is not the main contribution."
"Q10","differential equations","Find analytical or numerical methods for solving differential equations; incidental use is partial at most.","http://arxiv.org/abs/2210.00368v1","Parameter-varying neural ordinary differential equations with
  partition-of-unity networks","Kookjin Lee, Nathaniel Trask","  In this study, we propose parameter-varying neural ordinary differential
equations (NODEs) where the evolution of model parameters is represented by
partition-of-unity networks (POUNets), a mixture of experts architecture. The
proposed variant of NODEs, synthesized with POUNets, learn a meshfree partition
of space and represent the evolution of ODE parameters using sets of
polynomials associated to each partition. We demonstrate the effectiveness of
the proposed method for three important tasks: data-driven dynamics modeling of
(1) hybrid systems, (2) switching linear dynamical systems, and (3) latent
dynamics for dynamical systems with varying external forcing.
","1","AI: Codex (2026-09-24; title/abstract review)","Learns varying ODE parameters with partition-of-unity networks rather than solving given equations."
"Q10","differential equations","Find analytical or numerical methods for solving differential equations; incidental use is partial at most.","http://arxiv.org/abs/2202.09282v2","FinNet: Solving Time-Independent Differential Equations with Finite
  Difference Neural Network","Son N. T. Tu, Thu Nguyen","  Deep learning approaches for partial differential equations (PDEs) have
received much attention in recent years due to their mesh-freeness and
computational efficiency. However, most of the works so far have concentrated
on time-dependent nonlinear differential equations. In this work, we analyze
potential issues with the well-known Physic Informed Neural Network for
differential equations with little constraints on the boundary (i.e., the
constraints are only on a few points). This analysis motivates us to introduce
a novel technique called FinNet, for solving differential equations by
incorporating finite difference into deep learning. Even though we use a mesh
during training, the prediction phase is mesh-free. We illustrate the
effectiveness of our method through experiments on solving various equations,
which shows that FinNet can solve PDEs with low error rates and may work even
when PINNs cannot.
","2","AI: Codex (2026-09-24; title/abstract review)","Combines finite differences and neural networks to solve time-independent differential equations."
"Q10","differential equations","Find analytical or numerical methods for solving differential equations; incidental use is partial at most.","http://arxiv.org/abs/1607.04805v1","Inferring solutions of differential equations using noisy multi-fidelity
  data","Maziar Raissi, Paris Perdikaris, George Em. Karniadakis","  For more than two centuries, solutions of differential equations have been
obtained either analytically or numerically based on typically well-behaved
forcing and boundary conditions for well-posed problems. We are changing this
paradigm in a fundamental way by establishing an interface between
probabilistic machine learning and differential equations. We develop
data-driven algorithms for general linear equations using Gaussian process
priors tailored to the corresponding integro-differential operators. The only
observables are scarce noisy multi-fidelity data for the forcing and solution
that are not required to reside on the domain boundary. The resulting
predictive posterior distributions quantify uncertainty and naturally lead to
adaptive solution refinement via active learning. This general framework
circumvents the tyranny of numerical discretization as well as the consistency
and stability issues of time-integration, and is scalable to high-dimensions.
","2","AI: Codex (2026-09-24; title/abstract review)","Infers differential-equation solutions from noisy data using Gaussian-process operators."
"Q10","differential equations","Find analytical or numerical methods for solving differential equations; incidental use is partial at most.","http://arxiv.org/abs/2209.07081v1","DEQGAN: Learning the Loss Function for PINNs with Generative Adversarial
  Networks","Blake Bullwinkel, Dylan Randle, Pavlos Protopapas, David Sondak","  Solutions to differential equations are of significant scientific and
engineering relevance. Physics-Informed Neural Networks (PINNs) have emerged as
a promising method for solving differential equations, but they lack a
theoretical justification for the use of any particular loss function. This
work presents Differential Equation GAN (DEQGAN), a novel method for solving
differential equations using generative adversarial networks to ""learn the loss
function"" for optimizing the neural network. Presenting results on a suite of
twelve ordinary and partial differential equations, including the nonlinear
Burgers', Allen-Cahn, Hamilton, and modified Einstein's gravity equations, we
show that DEQGAN can obtain multiple orders of magnitude lower mean squared
errors than PINNs that use $L_2$, $L_1$, and Huber loss functions. We also show
that DEQGAN achieves solution accuracies that are competitive with popular
numerical methods. Finally, we present two methods to improve the robustness of
DEQGAN to different hyperparameter settings.
","2","AI: Codex (2026-09-24; title/abstract review)","Develops adversarially learned loss functions for solving ordinary and partial differential equations."
"Q10","differential equations","Find analytical or numerical methods for solving differential equations; incidental use is partial at most.","http://arxiv.org/abs/2111.00343v1","Continuous Convolutional Neural Networks: Coupled Neural PDE and ODE","Mansura Habiba, Barak A. Pearlmutter","  Recent work in deep learning focuses on solving physical systems in the
Ordinary Differential Equation or Partial Differential Equation. This current
work proposed a variant of Convolutional Neural Networks (CNNs) that can learn
the hidden dynamics of a physical system using ordinary differential equation
(ODEs) systems (ODEs) and Partial Differential Equation systems (PDEs). Instead
of considering the physical system such as image, time -series as a system of
multiple layers, this new technique can model a system in the form of
Differential Equation (DEs). The proposed method has been assessed by solving
several steady-state PDEs on irregular domains, including heat equations,
Navier-Stokes equations.
","2","AI: Codex (2026-09-24; title/abstract review)","Proposes coupled neural PDE/ODE methods and tests solutions of steady-state equations."
"Q11","combinatorial optimization","Find algorithms for optimizing discrete combinatorial problems; exclude continuous-only optimization.","http://arxiv.org/abs/2207.11542v1","Annealed Training for Combinatorial Optimization on Graphs","Haoran Sun, Etash K. Guha, Hanjun Dai","  The hardness of combinatorial optimization (CO) problems hinders collecting
solutions for supervised learning. However, learning neural networks for CO
problems is notoriously difficult in lack of the labeled data as the training
is easily trapped at local optima. In this work, we propose a simple but
effective annealed training framework for CO problems. In particular, we
transform CO problems into unbiased energy-based models (EBMs). We carefully
selected the penalties terms so as to make the EBMs as smooth as possible. Then
we train graph neural networks to approximate the EBMs. To prevent the training
from being stuck at local optima near the initialization, we introduce an
annealed loss function. An experimental evaluation demonstrates that our
annealed training framework obtains substantial improvements. In four types of
CO problems, our method achieves performance substantially better than other
unsupervised neural methods on both synthetic and real-world graphs.
","2","AI: Codex (2026-09-24; title/abstract review)","Develops annealed neural optimization for discrete graph problems."
"Q11","combinatorial optimization","Find algorithms for optimizing discrete combinatorial problems; exclude continuous-only optimization.","http://arxiv.org/abs/2206.02006v1","Combinatorial optimization for low bit-width neural networks","Han Zhou, Aida Ashrafi, Matthew B. Blaschko","  Low-bit width neural networks have been extensively explored for deployment
on edge devices to reduce computational resources. Existing approaches have
focused on gradient-based optimization in a two-stage train-and-compress
setting or as a combined optimization where gradients are quantized during
training. Such schemes require high-performance hardware during the training
phase and usually store an equivalent number of full-precision weights apart
from the quantized weights. In this paper, we explore methods of direct
combinatorial optimization in the problem of risk minimization with binary
weights, which can be made equivalent to a non-monotone submodular maximization
under certain conditions. We employ an approximation algorithm for the cases
with single and multilayer neural networks. For linear models, it has
$\mathcal{O}(nd)$ time complexity where $n$ is the sample size and $d$ is the
data dimension. We show that a combination of greedy coordinate descent and
this novel approach can attain competitive accuracy on binary classification
tasks.
","2","AI: Codex (2026-09-24; title/abstract review)","Directly optimizes binary network weights through combinatorial and submodular methods."
"Q11","combinatorial optimization","Find algorithms for optimizing discrete combinatorial problems; exclude continuous-only optimization.","http://arxiv.org/abs/1702.07539v1","Tight Bounds for Bandit Combinatorial Optimization","Alon Cohen, Tamir Hazan, Tomer Koren","  We revisit the study of optimal regret rates in bandit combinatorial
optimization---a fundamental framework for sequential decision making under
uncertainty that abstracts numerous combinatorial prediction problems. We prove
that the attainable regret in this setting grows as
$\widetilde{\Theta}(k^{3/2}\sqrt{dT})$ where $d$ is the dimension of the
problem and $k$ is a bound over the maximal instantaneous loss, disproving a
conjecture of Audibert, Bubeck, and Lugosi (2013) who argued that the optimal
rate should be of the form $\widetilde{\Theta}(k\sqrt{dT})$. Our bounds apply
to several important instances of the framework, and in particular, imply a
tight bound for the well-studied bandit shortest path problem. By that, we also
resolve an open problem posed by Cesa-Bianchi and Lugosi (2012).
","2","AI: Codex (2026-09-24; title/abstract review)","Establishes optimal regret rates for combinatorial bandit optimization including shortest paths."
"Q11","combinatorial optimization","Find algorithms for optimizing discrete combinatorial problems; exclude continuous-only optimization.","http://arxiv.org/abs/1305.2732v1","An efficient algorithm for learning with semi-bandit feedback","Gergely Neu, Gábor Bartók","  We consider the problem of online combinatorial optimization under
semi-bandit feedback. The goal of the learner is to sequentially select its
actions from a combinatorial decision set so as to minimize its cumulative
loss. We propose a learning algorithm for this problem based on combining the
Follow-the-Perturbed-Leader (FPL) prediction method with a novel loss
estimation procedure called Geometric Resampling (GR). Contrary to previous
solutions, the resulting algorithm can be efficiently implemented for any
decision set where efficient offline combinatorial optimization is possible at
all. Assuming that the elements of the decision set can be described with
d-dimensional binary vectors with at most m non-zero entries, we show that the
expected regret of our algorithm after T rounds is O(m sqrt(dT log d)). As a
side result, we also improve the best known regret bounds for FPL in the full
information setting to O(m^(3/2) sqrt(T log d)), gaining a factor of sqrt(d/m)
over previous bounds for this algorithm.
","2","AI: Codex (2026-09-24; title/abstract review)","Develops an efficient algorithm for online combinatorial decisions with semi-bandit feedback."
"Q11","combinatorial optimization","Find algorithms for optimizing discrete combinatorial problems; exclude continuous-only optimization.","http://arxiv.org/abs/2103.03012v1","The Transformer Network for the Traveling Salesman Problem","Xavier Bresson, Thomas Laurent","  The Traveling Salesman Problem (TSP) is the most popular and most studied
combinatorial problem, starting with von Neumann in 1951. It has driven the
discovery of several optimization techniques such as cutting planes,
branch-and-bound, local search, Lagrangian relaxation, and simulated annealing.
The last five years have seen the emergence of promising techniques where
(graph) neural networks have been capable to learn new combinatorial
algorithms. The main question is whether deep learning can learn better
heuristics from data, i.e. replacing human-engineered heuristics? This is
appealing because developing algorithms to tackle efficiently NP-hard problems
may require years of research, and many industry problems are combinatorial by
nature. In this work, we propose to adapt the recent successful Transformer
architecture originally developed for natural language processing to the
combinatorial TSP. Training is done by reinforcement learning, hence without
TSP training solutions, and decoding uses beam search. We report improved
performances over recent learned heuristics with an optimal gap of 0.004% for
TSP50 and 0.39% for TSP100.
","2","AI: Codex (2026-09-24; title/abstract review)","Learns Transformer heuristics for the discrete traveling salesman problem."
"Q11","combinatorial optimization","Find algorithms for optimizing discrete combinatorial problems; exclude continuous-only optimization.","http://arxiv.org/abs/2102.07210v2","Reversible Action Design for Combinatorial Optimization with
  Reinforcement Learning","Fan Yao, Renqin Cai, Hongning Wang","  Combinatorial optimization problem (COP) over graphs is a fundamental
challenge in optimization. Reinforcement learning (RL) has recently emerged as
a new framework to tackle these problems and has demonstrated promising
results. However, most RL solutions employ a greedy manner to construct the
solution incrementally, thus inevitably pose unnecessary dependency on action
sequences and need a lot of problem-specific designs. We propose a general RL
framework that not only exhibits state-of-the-art empirical performance but
also generalizes to a variety class of COPs. Specifically, we define state as a
solution to a problem instance and action as a perturbation to this solution.
We utilize graph neural networks (GNN) to extract latent representations for
given problem instances for state-action encoding, and then apply deep
Q-learning to obtain a policy that gradually refines the solution by flipping
or swapping vertex labels. Experiments are conducted on Maximum $k$-Cut and
Traveling Salesman Problem and performance improvement is achieved against a
set of learning-based and heuristic baselines.
","2","AI: Codex (2026-09-24; title/abstract review)","Uses reversible reinforcement-learning actions for graph combinatorial optimization."
"Q11","combinatorial optimization","Find algorithms for optimizing discrete combinatorial problems; exclude continuous-only optimization.","http://arxiv.org/abs/1803.04039v1","Combinatorial Multi-Objective Multi-Armed Bandit Problem","Doruk Öner, Altuğ Karakurt, Atilla Eryılmaz, Cem Tekin","  In this paper, we introduce the COmbinatorial Multi-Objective Multi-Armed
Bandit (COMO-MAB) problem that captures the challenges of combinatorial and
multi-objective online learning simultaneously. In this setting, the goal of
the learner is to choose an action at each time, whose reward vector is a
linear combination of the reward vectors of the arms in the action, to learn
the set of super Pareto optimal actions, which includes the Pareto optimal
actions and actions that become Pareto optimal after adding an arbitrary small
positive number to their expected reward vectors. We define the Pareto regret
performance metric and propose a fair learning algorithm whose Pareto regret is
$O(N L^3 \log T)$, where $T$ is the time horizon, $N$ is the number of arms and
$L$ is the maximum number of arms in an action. We show that COMO-MAB has a
wide range of applications, including recommending bundles of items to users
and network routing, and focus on a resource-allocation application for
multi-user communication in the presence of multidimensional performance
metrics, where we show that our algorithm outperforms existing MAB algorithms.
","2","AI: Codex (2026-09-24; title/abstract review)","Develops multi-objective bandit optimization over combinatorial actions."
"Q11","combinatorial optimization","Find algorithms for optimizing discrete combinatorial problems; exclude continuous-only optimization.","http://arxiv.org/abs/2209.04698v2","Structured Q-learning For Antibody Design","Alexander I. Cowen-Rivers, Philip John Gorinski, Aivar Sootla, Asif Khan, Liu Furui, Jun Wang, Jan Peters, Haitham Bou Ammar","  Optimizing combinatorial structures is core to many real-world problems, such
as those encountered in life sciences. For example, one of the crucial steps
involved in antibody design is to find an arrangement of amino acids in a
protein sequence that improves its binding with a pathogen. Combinatorial
optimization of antibodies is difficult due to extremely large search spaces
and non-linear objectives. Even for modest antibody design problems, where
proteins have a sequence length of eleven, we are faced with searching over
2.05 x 10^14 structures. Applying traditional Reinforcement Learning algorithms
such as Q-learning to combinatorial optimization results in poor performance.
We propose Structured Q-learning (SQL), an extension of Q-learning that
incorporates structural priors for combinatorial optimization. Using a
molecular docking simulator, we demonstrate that SQL finds high binding energy
sequences and performs favourably against baselines on eight challenging
antibody design tasks, including designing antibodies for SARS-COV.
","2","AI: Codex (2026-09-24; title/abstract review)","Optimizes discrete amino-acid sequences using structured Q-learning."
"Q11","combinatorial optimization","Find algorithms for optimizing discrete combinatorial problems; exclude continuous-only optimization.","http://arxiv.org/abs/2106.11113v2","Matrix Encoding Networks for Neural Combinatorial Optimization","Yeong-Dae Kwon, Jinho Choo, Iljoo Yoon, Minah Park, Duwon Park, Youngjune Gwon","  Machine Learning (ML) can help solve combinatorial optimization (CO) problems
better. A popular approach is to use a neural net to compute on the parameters
of a given CO problem and extract useful information that guides the search for
good solutions. Many CO problems of practical importance can be specified in a
matrix form of parameters quantifying the relationship between two groups of
items. There is currently no neural net model, however, that takes in such
matrix-style relationship data as an input. Consequently, these types of CO
problems have been out of reach for ML engineers. In this paper, we introduce
Matrix Encoding Network (MatNet) and show how conveniently it takes in and
processes parameters of such complex CO problems. Using an end-to-end model
based on MatNet, we solve asymmetric traveling salesman (ATSP) and flexible
flow shop (FFSP) problems as the earliest neural approach. In particular, for a
class of FFSP we have tested MatNet on, we demonstrate a far superior empirical
performance to any methods (neural or not) known to date.
","2","AI: Codex (2026-09-24; title/abstract review)","Introduces matrix-based neural solvers for traveling-salesman and scheduling problems."
"Q11","combinatorial optimization","Find algorithms for optimizing discrete combinatorial problems; exclude continuous-only optimization.","http://arxiv.org/abs/2210.00176v1","A Combinatorial Perspective on the Optimization of Shallow ReLU Networks","Michael Matena, Colin Raffel","  The NP-hard problem of optimizing a shallow ReLU network can be characterized
as a combinatorial search over each training example's activation pattern
followed by a constrained convex problem given a fixed set of activation
patterns. We explore the implications of this combinatorial aspect of ReLU
optimization in this work. We show that it can be naturally modeled via a
geometric and combinatoric object known as a zonotope with its vertex set
isomorphic to the set of feasible activation patterns. This assists in analysis
and provides a foundation for further research. We demonstrate its usefulness
when we explore the sensitivity of the optimal loss to perturbations of the
training data. Later we discuss methods of zonotope vertex selection and its
relevance to optimization. Overparameterization assists in training by making a
randomly chosen vertex more likely to contain a good solution. We then
introduce a novel polynomial-time vertex selection procedure that provably
picks a vertex containing the global optimum using only double the minimum
number of parameters required to fit the data. We further introduce a local
greedy search heuristic over zonotope vertices and demonstrate that it
outperforms gradient descent on underparameterized problems.
","2","AI: Codex (2026-09-24; title/abstract review)","Models discrete activation-pattern search and develops combinatorial optimization procedures for ReLU networks."
"Q11","combinatorial optimization","Find algorithms for optimizing discrete combinatorial problems; exclude continuous-only optimization.","http://arxiv.org/abs/2107.07508v3","USCO-Solver: Solving Undetermined Stochastic Combinatorial Optimization
  Problems","Guangmo Tong","  Real-world decision-making systems are often subject to uncertainties that
have to be resolved through observational data. Therefore, we are frequently
confronted with combinatorial optimization problems of which the objective
function is unknown and thus has to be debunked using empirical evidence. In
contrast to the common practice that relies on a learning-and-optimization
strategy, we consider the regression between combinatorial spaces, aiming to
infer high-quality optimization solutions from samples of input-solution pairs
-- without the need to learn the objective function. Our main deliverable is a
universal solver that is able to handle abstract undetermined stochastic
combinatorial optimization problems. For learning foundations, we present
learning-error analysis under the PAC-Bayesian framework using a new
margin-based analysis. In empirical studies, we demonstrate our design using
proof-of-concept experiments, and compare it with other methods that are
potentially applicable. Overall, we obtain highly encouraging experimental
results for several classic combinatorial problems on both synthetic and
real-world datasets.
","2","AI: Codex (2026-09-24; title/abstract review)","Learns solutions of stochastic combinatorial problems with unknown objectives."
"Q11","combinatorial optimization","Find algorithms for optimizing discrete combinatorial problems; exclude continuous-only optimization.","http://arxiv.org/abs/2102.09704v2","Fair Sparse Regression with Clustering: An Invex Relaxation for a
  Combinatorial Problem","Adarsh Barik, Jean Honorio","  In this paper, we study the problem of fair sparse regression on a biased
dataset where bias depends upon a hidden binary attribute. The presence of a
hidden attribute adds an extra layer of complexity to the problem by combining
sparse regression and clustering with unknown binary labels. The corresponding
optimization problem is combinatorial, but we propose a novel relaxation of it
as an \emph{invex} optimization problem. To the best of our knowledge, this is
the first invex relaxation for a combinatorial problem. We show that the
inclusion of the debiasing/fairness constraint in our model has no adverse
effect on the performance. Rather, it enables the recovery of the hidden
attribute. The support of our recovered regression parameter vector matches
exactly with the true parameter vector. Moreover, we simultaneously solve the
clustering problem by recovering the exact value of the hidden attribute for
each sample. Our method uses carefully constructed primal dual witnesses to
provide theoretical guarantees for the combinatorial problem. To that end, we
show that the sample complexity of our method is logarithmic in terms of the
dimension of the regression parameter vector.
","2","AI: Codex (2026-09-24; title/abstract review)","Relaxes and solves a combinatorial regression/clustering problem with hidden binary labels."
"Q11","combinatorial optimization","Find algorithms for optimizing discrete combinatorial problems; exclude continuous-only optimization.","http://arxiv.org/abs/1603.00522v1","Solving Combinatorial Games using Products, Projections and
  Lexicographically Optimal Bases","Swati Gupta, Michel Goemans, Patrick Jaillet","  In order to find Nash-equilibria for two-player zero-sum games where each
player plays combinatorial objects like spanning trees, matchings etc, we
consider two online learning algorithms: the online mirror descent (OMD)
algorithm and the multiplicative weights update (MWU) algorithm. The OMD
algorithm requires the computation of a certain Bregman projection, that has
closed form solutions for simple convex sets like the Euclidean ball or the
simplex. However, for general polyhedra one often needs to exploit the general
machinery of convex optimization. We give a novel primal-style algorithm for
computing Bregman projections on the base polytopes of polymatroids. Next, in
the case of the MWU algorithm, although it scales logarithmically in the number
of pure strategies or experts $N$ in terms of regret, the algorithm takes time
polynomial in $N$; this especially becomes a problem when learning
combinatorial objects. We give a general recipe to simulate the multiplicative
weights update algorithm in time polynomial in their natural dimension. This is
useful whenever there exists a polynomial time generalized counting oracle
(even if approximate) over these objects. Finally, using the combinatorial
structure of symmetric Nash-equilibria (SNE) when both players play bases of
matroids, we show that these can be found with a single projection or convex
minimization (without using online learning).
","2","AI: Codex (2026-09-24; title/abstract review)","Develops algorithms over combinatorial game strategies and matroid bases."
"Q11","combinatorial optimization","Find algorithms for optimizing discrete combinatorial problems; exclude continuous-only optimization.","http://arxiv.org/abs/2108.03713v1","On the Difficulty of Generalizing Reinforcement Learning Framework for
  Combinatorial Optimization","Mostafa Pashazadeh, Kui Wu","  Combinatorial optimization problems (COPs) on the graph with real-life
applications are canonical challenges in Computer Science. The difficulty of
finding quality labels for problem instances holds back leveraging supervised
learning across combinatorial problems. Reinforcement learning (RL) algorithms
have recently been adopted to solve this challenge automatically. The
underlying principle of this approach is to deploy a graph neural network (GNN)
for encoding both the local information of the nodes and the graph-structured
data in order to capture the current state of the environment. Then, it is
followed by the actor to learn the problem-specific heuristics on its own and
make an informed decision at each state for finally reaching a good solution.
Recent studies on this subject mainly focus on a family of combinatorial
problems on the graph, such as the travel salesman problem, where the proposed
model aims to find an ordering of vertices that optimizes a given objective
function. We use the security-aware phone clone allocation in the cloud as a
classical quadratic assignment problem (QAP) to investigate whether or not deep
RL-based model is generally applicable to solve other classes of such hard
problems. Extensive empirical evaluation shows that existing RL-based model may
not generalize to QAP.
","2","AI: Codex (2026-09-24; title/abstract review)","Evaluates generalization of learned combinatorial heuristics to quadratic assignment."
"Q11","combinatorial optimization","Find algorithms for optimizing discrete combinatorial problems; exclude continuous-only optimization.","http://arxiv.org/abs/2202.05423v3","Understanding Curriculum Learning in Policy Optimization for Online
  Combinatorial Optimization","Runlong Zhou, Zelin He, Yuandong Tian, Yi Wu, Simon S. Du","  Over the recent years, reinforcement learning (RL) starts to show promising
results in tackling combinatorial optimization (CO) problems, in particular
when coupled with curriculum learning to facilitate training. Despite emerging
empirical evidence, theoretical study on why RL helps is still at its early
stage. This paper presents the first systematic study on policy optimization
methods for online CO problems. We show that online CO problems can be
naturally formulated as latent Markov Decision Processes (LMDPs), and prove
convergence bounds on natural policy gradient (NPG) for solving LMDPs.
Furthermore, our theory explains the benefit of curriculum learning: it can
find a strong sampling policy and reduce the distribution shift, a critical
quantity that governs the convergence rate in our theorem. For a canonical
online CO problem, the Best Choice Problem (BCP), we formally prove that
distribution shift is reduced exponentially with curriculum learning even if
the curriculum is a randomly generated BCP on a smaller scale. Our theory also
shows we can simplify the curriculum learning scheme used in prior work from
multi-step to single-step. Lastly, we provide extensive experiments on the Best
Choice Problem, Online Knapsack, and AdWords to verify our findings.
","2","AI: Codex (2026-09-24; title/abstract review)","Analyzes and improves policy optimization for discrete online choice, knapsack and allocation problems."
"Q12","signal processing","Find methods for analyzing, filtering or transforming measured signals; exclude unrelated signaling terminology.","http://arxiv.org/abs/1606.06653v1","Tracking Time-Vertex Propagation using Dynamic Graph Wavelets","Francesco Grassi, Nathanael Perraudin, Benjamin Ricaud","  Graph Signal Processing generalizes classical signal processing to signal or
data indexed by the vertices of a weighted graph. So far, the research efforts
have been focused on static graph signals. However numerous applications
involve graph signals evolving in time, such as spreading or propagation of
waves on a network. The analysis of this type of data requires a new set of
methods that fully takes into account the time and graph dimensions. We propose
a novel class of wavelet frames named Dynamic Graph Wavelets, whose time-vertex
evolution follows a dynamic process. We demonstrate that this set of functions
can be combined with sparsity based approaches such as compressive sensing to
reveal information on the dynamic processes occurring on a graph. Experiments
on real seismological data show the efficiency of the technique, allowing to
estimate the epicenter of earthquake events recorded by a seismic network.
","2","AI: Codex (2026-09-24; title/abstract review)","Develops dynamic graph wavelets for time-varying signals and seismic localization."
"Q12","signal processing","Find methods for analyzing, filtering or transforming measured signals; exclude unrelated signaling terminology.","http://arxiv.org/abs/2103.16337v2","Variational models for signal processing with Graph Neural Networks","Amitoz Azad, Julien Rabin, Abderrahim Elmoataz","  This paper is devoted to signal processing on point-clouds by means of neural
networks. Nowadays, state-of-the-art in image processing and computer vision is
mostly based on training deep convolutional neural networks on large datasets.
While it is also the case for the processing of point-clouds with Graph Neural
Networks (GNN), the focus has been largely given to high-level tasks such as
classification and segmentation using supervised learning on labeled datasets
such as ShapeNet. Yet, such datasets are scarce and time-consuming to build
depending on the target application. In this work, we investigate the use of
variational models for such GNN to process signals on graphs for unsupervised
learning. Our contributions are two-fold. We first show that some existing
variational-based algorithms for signals on graphs can be formulated as Message
Passing Networks (MPN), a particular instance of GNN, making them
computationally efficient in practice when compared to standard gradient-based
machine learning algorithms. Secondly, we investigate the unsupervised learning
of feed-forward GNN, either by direct optimization of an inverse problem or by
model distillation from variational-based MPN.
  Keywords:Graph Processing. Neural Network. Total Variation. Variational
Methods. Message Passing Network. Unsupervised learning
","2","AI: Codex (2026-09-24; title/abstract review)","Develops variational graph-neural processing of point-cloud signals."
"Q12","signal processing","Find methods for analyzing, filtering or transforming measured signals; exclude unrelated signaling terminology.","http://arxiv.org/abs/2109.07839v1","Self-supervised Contrastive Learning for EEG-based Sleep Staging","Xue Jiang, Jianhui Zhao, Bo Du, Zhiyong Yuan","  EEG signals are usually simple to obtain but expensive to label. Although
supervised learning has been widely used in the field of EEG signal analysis,
its generalization performance is limited by the amount of annotated data.
Self-supervised learning (SSL), as a popular learning paradigm in computer
vision (CV) and natural language processing (NLP), can employ unlabeled data to
make up for the data shortage of supervised learning. In this paper, we propose
a self-supervised contrastive learning method of EEG signals for sleep stage
classification. During the training process, we set up a pretext task for the
network in order to match the right transformation pairs generated from EEG
signals. In this way, the network improves the representation ability by
learning the general features of EEG signals. The robustness of the network
also gets improved in dealing with diverse data, that is, extracting constant
features from changing data. In detail, the network's performance depends on
the choice of transformations and the amount of unlabeled data used in the
training process of self-supervised learning. Empirical evaluations on the
Sleep-edf dataset demonstrate the competitive performance of our method on
sleep staging (88.16% accuracy and 81.96% F1 score) and verify the
effectiveness of SSL strategy for EEG signal analysis in limited labeled data
regimes. All codes are provided publicly online.
","2","AI: Codex (2026-09-24; title/abstract review)","Learns EEG signal representations for sleep-stage analysis."
"Q12","signal processing","Find methods for analyzing, filtering or transforming measured signals; exclude unrelated signaling terminology.","http://arxiv.org/abs/2204.04420v1","Investigating Deep Learning Benchmarks for Electrocardiography Signal
  Processing","Wen Hao, Kang Jingsu","  In recent years, deep learning has witnessed its blossom in the field of
Electrocardiography (ECG) processing, outperforming traditional signal
processing methods in various tasks, for example, classification, QRS
detection, wave delineation. Although many neural architectures have been
proposed in the literature, there is a lack of systematic studies and
open-source libraries for ECG deep learning.
  In this paper, we propose a deep learning framework, named
\texttt{torch\_ecg}, which gathers a large number of neural networks, both from
literature and novel, for various ECG processing tasks. It establishes a
convenient and modular way for automatic building and flexible scaling of the
networks, as well as a neat and uniform way of organizing the preprocessing
procedures and augmentation techniques for preparing the input data for the
models. Besides, \texttt{torch\_ecg} provides benchmark studies using the
latest databases, illustrating the principles and pipelines for solving ECG
processing tasks and reproducing results from the literature.
\texttt{torch\_ecg} offers the ECG research community a powerful tool meeting
the growing demand for the application of deep learning techniques.
","2","AI: Codex (2026-09-24; title/abstract review)","Provides neural methods and preprocessing pipelines for ECG signal analysis."
"Q12","signal processing","Find methods for analyzing, filtering or transforming measured signals; exclude unrelated signaling terminology.","http://arxiv.org/abs/1103.2676v1","A Three-Dimensional Model of Small Signal Free-Electron Lasers","Stephen Webb, Gang Wang, Vladimir Litvinenko","  Coherent electron cooling is an ultra-high-bandwidth form of stochastic
cooling which utilizes the charge perturbation from Debye screening as a seed
for a free-electron laser. The amplified and frequency-modulated signal that
results from the free-electron laser process is then used to give an
energy-dependent kick on the hadrons in a bunch. In this paper, we present a
theoretical description of a high-gain free-electron laser with applications to
a complete theoretical description of coherent electron cooling.
","0","AI: Codex (2026-09-24; title/abstract review)","Models free-electron laser physics and beam cooling rather than analyzing measured signals."
"Q12","signal processing","Find methods for analyzing, filtering or transforming measured signals; exclude unrelated signaling terminology.","http://arxiv.org/abs/2010.07871v1","Constructing Multilayer Perceptrons as Piecewise Low-Order Polynomial
  Approximators: A Signal Processing Approach","Ruiyuan Lin, Suya You, Raghuveer Rao, C. -C. Jay Kuo","  The construction of a multilayer perceptron (MLP) as a piecewise low-order
polynomial approximator using a signal processing approach is presented in this
work. The constructed MLP contains one input, one intermediate and one output
layers. Its construction includes the specification of neuron numbers and all
filter weights. Through the construction, a one-to-one correspondence between
the approximation of an MLP and that of a piecewise low-order polynomial is
established. Comparison between piecewise polynomial and MLP approximations is
made. Since the approximation capability of piecewise low-order polynomials is
well understood, our findings shed light on the universal approximation
capability of an MLP.
","1","AI: Codex (2026-09-24; title/abstract review)","Uses signal-processing concepts to construct neural approximators; measured-signal processing is not the main task."
"Q12","signal processing","Find methods for analyzing, filtering or transforming measured signals; exclude unrelated signaling terminology.","http://arxiv.org/abs/2206.07200v1","Using Machine Learning to Augment Dynamic Time Warping Based Signal
  Classification","Arvind Seshan","  Modern applications such as voice recognition rely on the ability to compare
signals to pre-recorded ones to classify them. However, this comparison
typically needs to ignore differences due to signal noise, temporal offset,
signal magnitude, and other external factors. The Dynamic Time Warping (DTW)
algorithm quantifies this similarity by finding corresponding regions between
the signals and non-linearly warping one signal by stretching and shrinking it.
Unfortunately, searching through all ""warps"" of a signal to find the best
corresponding regions is computationally expensive. The FastDTW algorithm
improves performance, but sacrifices accuracy by only considering small signal
warps.
  My goal is to improve the speed of DTW while maintaining high accuracy. My
key insight is that in any particular application domain, signals exhibit
specific types of variation. For example, the accelerometer signal measured for
two different people would differ based on their stride length and weight. My
system, called Machine Learning DTW (MLDTW), uses machine learning to learn the
types of warps that are common in a particular domain. It then uses the learned
model to improve DTW performance by limiting the search of potential warps
appropriately. My results show that compared to FastDTW, MLDTW is at least as
fast and reduces errors by 60% on average across four different data sets.
These improvements will significantly impact a wide variety of applications
(e.g. health monitoring) and enable more scalable processing of multivariate,
higher frequency, and longer signal recordings.
","2","AI: Codex (2026-09-24; title/abstract review)","Accelerates signal alignment and classification using learned dynamic time warping."
"Q12","signal processing","Find methods for analyzing, filtering or transforming measured signals; exclude unrelated signaling terminology.","http://arxiv.org/abs/1705.02307v1","A Time-Vertex Signal Processing Framework","Francesco Grassi, Andreas Loukas, Nathanaël Perraudin, Benjamin Ricaud","  An emerging way to deal with high-dimensional non-euclidean data is to assume
that the underlying structure can be captured by a graph. Recently, ideas have
begun to emerge related to the analysis of time-varying graph signals. This
work aims to elevate the notion of joint harmonic analysis to a full-fledged
framework denoted as Time-Vertex Signal Processing, that links together the
time-domain signal processing techniques with the new tools of graph signal
processing. This entails three main contributions: (a) We provide a formal
motivation for harmonic time-vertex analysis as an analysis tool for the state
evolution of simple Partial Differential Equations on graphs. (b) We improve
the accuracy of joint filtering operators by up-to two orders of magnitude. (c)
Using our joint filters, we construct time-vertex dictionaries analyzing the
different scales and the local time-frequency content of a signal. The utility
of our tools is illustrated in numerous applications and datasets, such as
dynamic mesh denoising and classification, still-video inpainting, and source
localization in seismic events. Our results suggest that joint analysis of
time-vertex signals can bring benefits to regression and learning.
","2","AI: Codex (2026-09-24; title/abstract review)","Develops joint temporal/graph harmonic analysis, filtering and denoising methods."
"Q12","signal processing","Find methods for analyzing, filtering or transforming measured signals; exclude unrelated signaling terminology.","http://arxiv.org/abs/2004.04892v7","SR2CNN: Zero-Shot Learning for Signal Recognition","Yihong Dong, Xiaohan Jiang, Huaji Zhou, Yun Lin, Qingjiang Shi","  Signal recognition is one of significant and challenging tasks in the signal
processing and communications field. It is often a common situation that
there's no training data accessible for some signal classes to perform a
recognition task. Hence, as widely-used in image processing field, zero-shot
learning (ZSL) is also very important for signal recognition. Unfortunately,
ZSL regarding this field has hardly been studied due to inexplicable signal
semantics. This paper proposes a ZSL framework, signal recognition and
reconstruction convolutional neural networks (SR2CNN), to address relevant
problems in this situation. The key idea behind SR2CNN is to learn the
representation of signal semantic feature space by introducing a proper
combination of cross entropy loss, center loss and autoencoder loss, as well as
adopting a suitable distance metric space such that semantic features have
greater minimal inter-class distance than maximal intra-class distance. The
proposed SR2CNN can discriminate signals even if no training data is available
for some signal class. Moreover, SR2CNN can gradually improve itself in the aid
of signal detection, because of constantly refined class center vectors in
semantic feature space. These merits are all verified by extensive experiments.
","2","AI: Codex (2026-09-24; title/abstract review)","Learns signal representations for recognition of unseen signal classes."
"Q12","signal processing","Find methods for analyzing, filtering or transforming measured signals; exclude unrelated signaling terminology.","http://arxiv.org/abs/2012.01653v1","Deep Spectral CNN for Laser Induced Breakdown Spectroscopy","Juan Castorena, Diane Oyen, Ann Ollila, Carey Legget, Nina Lanza","  This work proposes a spectral convolutional neural network (CNN) operating on
laser induced breakdown spectroscopy (LIBS) signals to learn to (1) disentangle
spectral signals from the sources of sensor uncertainty (i.e., pre-process) and
(2) get qualitative and quantitative measures of chemical content of a sample
given a spectral signal (i.e., calibrate). Once the spectral CNN is trained, it
can accomplish either task through a single feed-forward pass, with real-time
benefits and without any additional side information requirements including
dark current, system response, temperature and detector-to-target range. Our
experiments demonstrate that the proposed method outperforms the existing
approaches used by the Mars Science Lab for pre-processing and calibration for
remote sensing observations from the Mars rover, 'Curiosity'.
","2","AI: Codex (2026-09-24; title/abstract review)","Preprocesses and calibrates measured spectroscopy signals using a spectral CNN."
"Q12","signal processing","Find methods for analyzing, filtering or transforming measured signals; exclude unrelated signaling terminology.","http://arxiv.org/abs/2010.15457v1","FiGLearn: Filter and Graph Learning using Optimal Transport","Matthias Minder, Zahra Farsijani, Dhruti Shah, Mireille El Gheche, Pascal Frossard","  In many applications, a dataset can be considered as a set of observed
signals that live on an unknown underlying graph structure. Some of these
signals may be seen as white noise that has been filtered on the graph topology
by a graph filter. Hence, the knowledge of the filter and the graph provides
valuable information about the underlying data generation process and the
complex interactions that arise in the dataset. We hence introduce a novel
graph signal processing framework for jointly learning the graph and its
generating filter from signal observations. We cast a new optimisation problem
that minimises the Wasserstein distance between the distribution of the signal
observations and the filtered signal distribution model. Our proposed method
outperforms state-of-the-art graph learning frameworks on synthetic data. We
then apply our method to a temperature anomaly dataset, and further show how
this framework can be used to infer missing values if only very little
information is available.
","2","AI: Codex (2026-09-24; title/abstract review)","Jointly learns graph structure and signal filters from observations."
"Q12","signal processing","Find methods for analyzing, filtering or transforming measured signals; exclude unrelated signaling terminology.","http://arxiv.org/abs/1610.02086v3","Electron quantum optics as quantum signal processing","B. Roussel, C. Cabart, G. Fève, E. Thibierge, P. Degiovanni","  The recent developments of electron quantum optics in quantum Hall edge
channels have given us new ways to probe the behavior of electrons in quantum
conductors. It has brought new quantities called electronic coherences under
the spotlight. In this paper, we explore the relations between electron quantum
optics and signal processing through a global review of the various methods for
accessing single- and two-electron coherences in electron quantum optics. We
interpret electron quantum optics interference experiments as analog signal
processing converting quantum signals into experimentally observable quantities
such as current averages and correlations.
  This point of view also gives us a procedure to obtain quantum information
quantities from electron quantum optics coherences. We illustrate these ideas
by discussing two mode entanglement in electron quantum optics. We also sketch
how signal processing ideas may open new perspectives for representing
electronic coherences in quantum conductors and understand the properties of
the underlying many-body electronic state.
","2","AI: Codex (2026-09-24; title/abstract review)","Describes quantum-signal measurement and analysis through experimentally observable currents and correlations."
"Q12","signal processing","Find methods for analyzing, filtering or transforming measured signals; exclude unrelated signaling terminology.","http://arxiv.org/abs/2201.03696v1","Stratified Graph Spectra","Fanchao Meng, Mark Orr, Samarth Swarup","  In classic graph signal processing, given a real-valued graph signal, its
graph Fourier transform is typically defined as the series of inner products
between the signal and each eigenvector of the graph Laplacian. Unfortunately,
this definition is not mathematically valid in the cases of vector-valued graph
signals which however are typical operands in the state-of-the-art graph
learning modeling and analyses. Seeking a generalized transformation decoding
the magnitudes of eigencomponents from vector-valued signals is thus the main
objective of this paper. Several attempts are explored, and also it is found
that performing the transformation at hierarchical levels of adjacency help
profile the spectral characteristics of signals more insightfully. The proposed
methods are introduced as a new tool assisting on diagnosing and profiling
behaviors of graph learning models.
","2","AI: Codex (2026-09-24; title/abstract review)","Generalizes graph spectral transformations to vector-valued signals."
